Comments,Sentiments
"Professional civil engineer , hobbyist rapper, ex capital city mayor, next prime minister maybe",Neutral
"The day Balen wins, all 4 of KP Chor's kidneys stop working ",Positive
india ma ab ki bar modi Sarkar ko copy gardaiixa balen ra rabi le religion ra media ko politics gardaiixa india ko modi bjp party ko jastaii.,Negative
"Birendra's look, Mahendra's move, Prithvi Narayan Shah's thought = Balen Shah 🇳🇵",Positive
"If you still go out and say ""Oli"", you are equally responsible for this country becoming like this.",Positive
जितोस अनि अहिले सम्म गरेको भ्रष्टाचारी हरु लाइ जेल कोचि सम्पत्ति जफत अनि देशमा उधोग धन्दा खुलोस.//////////@,Positive
"Balen is not a person, Balen is a thought, a concept, a vision. We all should be Balen. ‎Jai Desh",Positive
"This fight is not just between KP vs Balen Sah, it is a fight between KP and the general Nepali people. There is a limit to everything, but exceeding the limit of tyranny is unforgivable. In the ancient times, when the tyranny of Kansa exceeded the limit, Lord Vishnu took the incarnation of Krishna and put an end to it. Even today, the time has come to quilt the country's treasury, remove the corrupt and criminals from power and establish justice for the people.",Neutral
"Ma jhapa 5 damak bata,mero ghar ko 5 vote balen lai",Neutral
As being Gen-Z I want to see Balen as PM neither i will leave this country after election or join politics !!,Positive
7 Suns 7 Seals This time UML is clean ,Positive
"The people of Jhapa, with a warm welcome, have thrown away the worms and taken the diamonds, for the good of the country",Positive
"हर हर बालेन घर घर वालेन अबकी बार वालेन सरकार ।।,,,///////",Positive
I kindly request everyone from jhapa 5 to use their voting right and vote for balen ,Positive
"यो देश अहिले देश जस्तो लाग्दैन, यो त भ्रष्टाचारले खाइरहेको एउटा बिस्तारै मर्दै गरेको शरीर जस्तो लाग्छ। हामी Gen Z हरु— जिउँदो भएर पनि सपनाको लास बोकिरहेका छौं। न्याय यहाँ किताबमा मात्रै बाँच्छ, वास्तविकतामा त शक्ति र पैसाले मात्र सास फेर्छ। हामीलाई अब नेता होइन, सिस्टम चाहिएको छ— Balen Shah जस्तो, जो आगो बनेर यो सडेको संरचना जलाउन सक्छ। किनकि अब सहने समय सकियो… यो हाम्रो देश हो, र अब यो देश बचाउने जिम्मा पनि हाम्रो नै हो।",Neutral
Balen ley desh banayena vane aru kasaile banauna sakdaina sabaile lekhera rakhda hunxa,Positive
Balen will win and KP oli will loose and start making bahana for protest !!,Positive
"""बतासे अण्डाबाट चल्ला निस्किँदैन"" – केपी ओली Meanwhile, KP Oli doesn’t have any children. What a joke!",Negative
BALEN MUST WIN FROM JHAPA -5 ,Positive
Jhapa 5 ma 4/5 votes mero pariwar ko tarfha bata pani though I’m come to work in other country,Neutral
"I am from jhapa 5. I live in Damak -3 and the present situation of here is totally opposite. I everyday ask people about whom they are going to vote. maximum people still choose kp oli. I try to convense them but always i fail, I got shocked cause my some friends also going to vote oli. I don't know why they are not seeing the corruption, death of innocent people in protest. I will like to request all the comment reader to do whatever help you can to make balen win.",Positive
"mero eutai request ho jhapali dd baini taha daju vhai aunty uncle hajur buwa ani hajur amaalai yo pani vote ghanti ma halau ani hamro desh ley muhar ferney xa etro hatya paxi pani tei puran party lai samarthan gareu vaney hami harulai sahid sathi vhai ko sharap lagney desh bikash ko lagi please yo pani ghanti mai vote halau ani feri hami ek jhut vayera bhrastachari haru lai jeel kochan madat garu aba samaye aayoo, jay jhapalies",Positive
यदि हामी साँच्चै नेपाललाई विकास भएको देख्न चाहन्छौं भने राष्ट्रिय एकता आवश्यक छ। सबै राजनीतिक पार्टीहरूलाई निलम्बन गरेर प्रत्यक्ष निर्वाचित सरकार गठन गर्नुपर्छ र राजालाई अभिभावकको रूपमा राख्नुपर्छ।,Neutral
"There are no permanent friends or permanent enemies, only permanent interests. So we must use our brain not emotions.. Jai Nepal",Positive
11 din paxi election xa.. yo comment taba update garxu jaba dai PM banau hunxe NEW PM (..... .... ) Jay Nepal Jai desh,Neutral
कोइ कोइ गगन थापा लाई vote हाल्ने भन्दै हिन्या रैछन हास उठ्छ हौउ एस्तो कुरा सुन्दा,Negative
Oli le yo pali ni jityo bhane Jhapa 5 ka janta lai balen le walnuts kinera khana dinu bahek aru option chhaina.,Negative
दुई तिहाईले जित्नु पर्छ रास्वपाले हे भगवान पशुपतीनाथ दुई हात जाेडि प्राथाना गदैछु।,Positive
मैले सुनेको ह झापाबासी बढी गफाडी हुन्छन्। बालेनले हार्यो भने झापालाई हाम्रो सातौ आठौ पुस्तासम्म धिक्कार्नेछन्,Negative
Aaba Balen nai Pm ho jay ghanti !!!!,Positive
Voter for change…...////,Neutral
"तपाइलाई थाहा छ कि कुन सहि छ र कुन गलत ।आज देशले नया नेतृत्व खोजिरहेको छ र त्यहि नेतृत्व लिएको व्यक्ति हो बालेन यदि यो कुरा ठिक लाग्छ भने तपाइ नेपाली हो , धन्यवाद।",Positive
"I am not from Jhapa 5 but I request all Jhapa Basi to vote Balen. Ra aafno sathi, aafanta, jo koi jhapa 5 ma chan yo video pathayera Balen lai vote garna anurodh garnu hola. Ra aafno time line ma yo video sabailey share garnuu hola. Dhanyabaad",Positive
झापाली जनताले झापाको लागि मात्र नभएर देशको लागि सोचिदिनुहोला धन्यवाद,Positive
"Purane, Neta. Sub Chor hai.",Negative
Such a brave man balen shah Jo eklai hami janata ko lagi ladi ra ko xa vote ma dinu hola pyara Nepali daju vai dede boine harujay ,Positive
नेताहरु भन्दा जनताहरु नै खतम हो,Negative
चेतना ठूलो कुरा हो। हामी नेपाली सँग यो सब बुझ्ने क्षमतानै छैन। हामी जनता खराब छौं।,Negative
हर्के अहङ्कारी आहारीसे अराजकवादी।। यसले देश बनाउन त परको कुरा हो। यसले आफ्नै दाजुभाईहरूलाई लडाई राखेको छ ।,Negative
साल फेरियो शासन सत्ता फेरियो संविधान फेरियो संसार फेरियो ️ अब हत्यारा भ्रष्ट नेता किन नफेर्ने ?,Neutral
"करिब ६०-७० लाख उर्जाशिल युवाहरु पारिवारिक सुन्दर भविष्यको नाममा गुजारा चलाउनको निमित्त विदेशमा रगत र पसिना बगाउन बाँध्य छन् । यो नियति भोग्नेलाई मात्र थाहा छ। भोगेर , बुझेर बुझ पचाउनेहरुको पनि कमि छैन। यद्यपि हामीले यो नियति भोगिरहेका छौं । अब उपरान्त यस्तो नियति हाम्रा भाईबहिनी, छोराछोरी र भावी पुस्ताले भोग्न नपरोस् भन्नका खातिर आत्मनिर्भर , स्वाभिमानको मार्गमा लाग्न सबैको बेलैमा सत्बुद्धी आओस् ! ",Neutral
भएको यही कुरा हो नेपालमा अहिले त्यही भएर अहिले हाम्रो नेपाल देशमा व्यक्ति परिवर्तन पनि हुनुपर्छ र व्यवस्था र संविधान पनि परिवर्तन को आवश्यक छ त्यसैले व्यक्ति मात्र परिवर्तन गरेर हुँदैन।….............),Positive
"देश नै जलाउने , खरानी बनाउने लाई कसरी भोट हाल्न सकिन्छ? देश नै नरहे के काे चुनाव ?",Negative
"हाम्रो देश कुनै पनि विदेशी दलाल सैनिक अखडा बन्नु हुँदैन, MCC पास गरेर चिन विरुद्ध आर्मी बेस क्याम बनाउन,,, यो अमेरिकाको भविष्यको रणनीति हो। जय माटो, जय मातृभूमि, जय जय देश !!!人",Positive
जोले जति ताली बजाए नि हाम्रो दुःख हामीसँग हुन्छ कसैले के गर्न सक्दैन जसले जिते पनि हामीलाई उस्तै दुःख हो अनि पीडा नि हो।,Neutral
सबैले भ्रम मात्रै छर्न खोजेका छन् समयमै चिनौं ,Negative
आम नागरिकमा सचेतनाकाे विकास नभएसम्म नेताले यही चुनावी प्रक्रिया अपनाइरहन्छन् । दाेष नेतामा हाेइन जनताले आफूमा खाेज्ने कि,Positive
सचेत मत नै उज्यालो भविष्यको आधार हो।,Neutral
"नेतामात्रै सच्चिएर केही हुनेवाला छैन, जबसम्म मतदाताहरु सच्चिँदैनन् ।",Positive
"सत्या कुरा यो होकी यो देश जनताको माहाशत्रु,दुस्मनहरु भनेको काङ्ग्रेस,एमाले,मावोवादीहरु हुन्,अब समय परिवर्तनशील छ,पुरानो पात झर्नु पर्छ ",Negative
जबसम्म जनताले उचित नेतालाई चुन्न सक्दैन तबसम्म हाम्रो देशको विकास असम्भव जस्तै छ। त्यसैले धेरै भन्दा धेरै राम्रो लिडरलाई चुनेर भोट दिनुहोला,Neutral
चुनबमा मतदाताले नाया या पुराना हैन सबै एकै हैन हाम्रा क्षेत्रमा जुन पार्टीले राम्रा या हामी जनतापर्ती उत्तर्दायी उमेदवार उठाएको छ त्यसैलाई भोत हालौ। तस्र्सर्थ हलोमा भोट हालौ र देश जोगाउ।अब भिड्को पछाडी नलागौ। जय🇳🇵🇳🇵🇳🇵,Neutral
जनता नै भेडा छ अनि कुरा बुझेर पनि नबुझ्ने हुन्छ थुक्क हामी नेपाली ,Negative
घन्टी लाई चुनावमा हराम विदेशी शक्तिले विदेशी मिडिया प्रयोग गरेर चूनाबामा जनतालाई गलत सूचना दिएर भरमा राखेको छ,Negative
नयाँ मान्छे को मन मस्तिष्कमा कोही पस्न सक्दैन उसले गर्न खोजेको काम कुरा के हो उसको क्षमता कति छ बुझ्न सकिँदैन। भेटको पछाडि लागेर कतै फेल खाइन्छ कि भन्ने डर पनि छ नेपालले प्रगति गर्न लाग्यो भने वरिपरि रहेका शक्ति देशहरूले आँखो गाड्ने डाहा गर्ने प्रवृति पनि छ भने त्यसैले अन्तर्राष्ट्रिय साथीको भावना बुझिएन भने ठूलै धोका हुने हो कि भेटको पछाडि लागेर भन्ने डर छ धन्यवाद,Negative
सबै चोर हो।राज मात्रै राष्ट्र बादी हो।जय नेपाल ।🇳🇵🇳🇵🇳🇵🇳🇵,Negative
यो त शिक्षित बर्गका लागि भयो।अनि गाउँ तथा दुरदराजमा रहने अशिक्षित बर्गले कसरी चिन्ने त ती फटाहा नेताहरुलाई???,Negative
तमाम जनता (voter) ले भोट हाल्दै गर्दा ति ७२ जना शहीद काे आमा बा भएर सोच्ननुहुनेछ,Neutral
पुरानो पार्टी त सुन्ने बितिकै टाउको दुख्छ ।नयाँ पार्टी पनि खासै उत्कृष्ट मान्न यो मन तयार नै भयन खोइ किन हो ?,Negative
Yespali KP Baa harne poakka-pakki ho….............,Negative
"देश युक्रेन जस्तो अवस्थामा पुग्ने भएको ले,कि सुर्य कि माटो चिन्ह मा भोट हाल्छु ,नया जेलनक्सि घण्टा मा क चाहिँ हाल्दिन ,यिनिहरु सबै बरबरा फाउन्डेसन ,युनियन बाट परिचालन हुन,तर जनता हरु भित्री केही कुरा नबुझी भिडको पछि कुद्छन ",Negative
Balen t Bideshi Dalaal ho vanxan…......khai k ho hami ,Neutral
कुनै सहयोग न लिउ बिकासको लागि आफै स्वालम्बन बनौ अति उत्कृष्ट कुरा हो,Neutral
haina yespali purana dalharulai bahiskar garnai parxa!!!!!!!!!!!!!! ,Positive
Sabai milera desko surakshya garnuparxa @@@@ …...........,Neutral
बहिष्कार गर्नुपर्छ केपीचोर र कालो काङ्ग्रेसलाई अन्यथा देश कालो बादल को भूमरीमा मडारि रहन्छ...,Negative
Warning to all nirwachaan officer to stay safe because this election will not be safe much ️,Negative
"जयमाटो जयदेश।चुनाबचिन्ह अन्जुलिभत्रको माटो। पृथ्वी रहुन्जेल नेपालदेश रहनुपर्छ, चन्द्रसुर्य अंकित झन्डा फहरिनुपर्छ।",Neutral
सबैले आआफ्नो ठाउँबाट घन्टीमा भोट हालौं र बालनलाई प्रधानमन्त्री बनाउँ।जय घन्टी,Positive
जनता कै कारण नेपाल सक्किने निस्चित छ।,Negative
पुरानाले त यतिका ठगे अब ठग्ने पालो हाम्रो हो अहिलेको नयाँ भनौदो पाटीको सिद्धान्त। घन्टीलाई भोट दिनु र एमाले कांग्रेसलाई भोट दिनु एउटै हो।,Negative
"नेपाली राजनीतिज्ञ, सरकारी निकाय, प्रशासन , र अख्तियार जस्ता पदमा आशिन व्यक्तिहरु ले मात्र आफ्नो पदमा रही ईमानदारी ले काम मात्र गरिदिए देश स्वर्ग हुनेछसुसिला कार्की ले पनि त्यहीँ गरेकी छिन",Positive
आयोग को प्रतिवेदन सार्वनिक गरेन त्यसमा चाहिँ संका छ।,Negative
"Good job PM Shushila, desh le khojeko rojeko chayeko yehi ho",Positive
आज देशको सबैभन्दा ठूलो जन लहर जसरी नयाँ भनिएको रास्वपा को पछाडि आँखा चिम्लेर दौडिरहेको छ यसले भविष्यमा देशलाई अझै ठूलो अन्यौलता खतरा र जोखिममा लैजाने प्रष्ट देख्दैछु म।,Negative
आमाले सम्हालेको घरमा कोहि छोराछोरी रुनु पर्दैन्,Neutral
Mata sachet xu Ah garda Alankar bujhxu aile lai ghanti nai ho voli kasaile dekheko xaina ramro hunxaki vanne asha rakhxu for one time ,Positive
वर्षौ देखिको काँग्रेस एमाले माओवादीका कुशासनका कारण 23/24 को घटाना भयो त्यसैले अझै पनि यि तीन दलको समर्थन गर्नेहरूले गु खानुहोला,Negative
"बहुबली राबण शक्तिशाली थियो ! तर सत्य थिएन, त्यसैले सत्यको जित भयो ! अईले नेपालमा negative energy र Dark side ले काम गरिरहेको छ ! यो power छिट्टै सकिन्छ, र सत्यको जित हुन्छ !",Neutral
कुनै ले जिते पनि केही हुन्न यार मुख्य दुखको कुरा त यो हो यार,Negative
no vote काउरेस !!!!@,Negative
नयाँ अनुहारहरु सबैमा अत्याधिक बहुमतले जितको सबैमा करोडौं सुभकामना सोच परिवर्तनको नेपाली जनता सम्पुर्ण अब चेतना बिबेक बुद्धि नगुमाउनुहोस।,Positive
"यो निर्बाचन नै अमेरिकाले गरायको हो, उस्को प्यानल को जुठो खानेहरू लाई जेलेनसकी जस्तै नेता बनाऊने र नेपालमा हैकम जमाऊने, देश लुटने र तिब्बत बिथोल्ने हो,नेपाली जनता ज्यु हरू भोट न दिदि हुन्छ",Negative
"माटो माटो माटो माटोलाई आँखा चिम्लेर यहॉंको अमुल्य भोट दिएर साथ दिनु होला ! धन्यवाद,नमस्कार !! ",Positive
Mcc ko pani firtha garne kura pani uthaidinu hai ama desh le derai dukha paux vnne dar x,Neutral
हो रहेछ चमत्कार गरेको दुनियाँमा कसैले गर्न नसक्ने काम गरेर चमत्कार गरेको र 6 महिना एशियाको सबै भन्दा धनी र शक्तिशाली देश बनाएको काम कुरा एकातिर कुम्लो बोकी अर्को तिर भनेको यही हो जेनजी हरुको माग के थियो सबैले बिर्सियो केही समयमै पैसा पाएपछि,Negative
साल फेरियो शासन सत्ता फेरियो संविधान फेरियो संसार फेरियो️ अब हत्यारा भ्रष्ट नेता किन नफेर्ने ?,Positive
बुझ्ने मान्छे ले अरु जे सुकै पाटिलाइ भाेट दिनुस तर रास्वपा र घन्टि मा भाेट नदिनुस,Negative
यो पटक पार्टी हेरेर होइन मान्छे हेरेर भोट गरौ सबै पार्टी सहि पनि छैनन् अनि सहि पार्टीका सबै नेता पनि सहि छैनन् पुराना पार्टीको सिधान्त हरु कति राम्रा छन तर के गर्नु बा हरुले पार्टीलाई आफ्नो दाइजो पाएको सम्पति बनाएपछि,Neutral
Chunab paxi jo je vaye ni rasthapati banaunu parx ama lai,Positive
Janata nai veda hun Nepal ko yo halat janata ma nirvar xa,Negative
Jay Nepal 🇳🇵 yes every vote matters ! Don't waste your vote . 🇳🇵,Positive
"साथिहो देशमा अति भयको पुरानो लाई डसबिनमा फालि नया उमंग नया जोस ,बिकासको हुटहुटि, शुसासन,नियम,कानुन,स्वास्थय,शिक्षा फि्रि,उधोग कलकारखाना निमाण,जमिन बाझ‍ो राखन नपाउने ,बिदेशि फलफुल तरकारिमा रोक,नेपाली उत्पादनलाई सरकारले बजार ब्यबस्थापन जस्ता धेरै सुधारनु प्रनेछ जो पुराना संग खुबि छैन नया युबा र बिज्ञयको पाटि रा.स्व.पा मा छ तेसैले भोट घण्टिमा दिन बिनम्र अनुरोध गरे",Positive
Vote hale ni nahale ni jitni fix xa j sukei gara natra sena le kina matpeti lera jana parxa aba tei ho us army aayo bhani Iran le missle hane jhai nepal ma pani kosle missile hanni ho taha xaina,Negative
"गगने एम सि सि को मतियार हो ,यस्ले देश अमेरिका लाई जिम्मा दिन्छ हेर्दै जाउ",Negative
"सिंहदरबार किन जलेको हो भने २०४६ सालपछि सत्ता बेला–बेला हातमा आउँदा–आउँदै पनि तिमीहरूले ठाउँ–ठाउँमा फायर स्टेशन नबनाएको भएर जलेको हो। हुनुपर्ने पूर्वाधार नभएको भएर जलेको हो। कम्तीमा काठमाडौँ उपत्यकामा ६०–७० वटा दमकल चाहिने देखिन्छ, तर खोई त अहिलेसम्म के छ ?",Negative
मौन अवधि मा आमजन्ता काँग्रेस भैसक्ने छन,Positive
ठग फटाहा हरु लाई भोट नदिनु होला सूर्य चिन्ह मा भोट गरि दिनु होला धन्यबाद।,Negative
"Police did a good job. ,,,,, These corrupted and dishonest people should put in jail. Good Luck Nepal. //////",Positive
भ्रष्टाचारी सत्ताको अन्धभक्तहरू अब खारेजी हुन्छ त यिनीहरूको उम्मेदवारी के प्रोत्साहन गर्छौ त तिमीहरु,Negative
जसले पनि 4 पुराना दलहरूको मासु रक्सी खायर अनि पैसा लेर 4 पुराना दलहरू लाई नै भोट हाल्छन् तिनि हरुको बँस नास होस् सोच बदलौँ भोट भदलौँ जय घन्टी जय नेपाल। मलाई मेरो देश प्राणभन्दा प्यारो छ जय नेपाल,Positive
पैसा ले जनता को भोट किन्ने कालो काग्रेस,Negative
सत्यको जीत भ्रष्ट को हार ! बल्ल देशले न्याय पायो।,Neutral
Great leader. Let’s vote for Congress,Positive
काङ्ग्रेस कहिले पनि &&सुध्रिऐन चोर सधै चोर रै रहेछ$^,Negative
Jay Ravi Jay ghanti Jay ra swo pa This time only for ghanti ,Positive
भ्रष्टाचार गरेका रकमले भोट किन बेच ।,Negative
Rip Amale kongres mawobadi vanne party lai,Negative
परिवर्तन गरेको पार्टीमा त अहिले पनि पैसा बड्दै हिडना लागे छ त कसरी नयाँ सोच परिवर्तन गर्ना पहिला,Negative
सकारी ठग मात्रै राम्रो तिमि झोले पत्रुकार ।%& रबि ट्यापे ग्याङ्ग ले @कति अन्याय गरेको छ।हाम्लाई सोध्न।…....>>>,Negative
उसले हिन्दीमा प्रश्न गर्दा आफुले नेपालीमा जबाफ दिने हो । लाटा उमेदवारहरु,Neutral
बालेनकाे झाेले मिडिया ।,Negative
What's d point of Genz protest If they allow oli to contest elections again,Positive
बाधेर होइन लट्काएर सडक बनाउनुपर्छ ।,Negative
We are going to change political leader .. vote for new jay balen ,Positive
ओली और प्रचंड की पार्टी का नामोनिशान मिटा दो जैसे भारत ने राहुल कांग्रेस और उसके चमचों के साथ किया।,Negative
One talk is sure ! If balen sah will comes as a prime minister. Total corruption stop in nepal. Jai nepal 🇳🇵,Positive
Vote For Change Vote For Revenge Vote For Ghanti Now OR Never ,Positive
"KP Oli हार गया है,,, only घाेषणा हाेना बाँकि है,,,, अबकि बार बालेन सरकार",Negative
I am ready for vote jai nepal 🇳🇵🇳🇵🇳🇵vote for future,Neutral
"३५ वर्ष देश लुट्ने पार्टीहरूलाई नो भोट। अब चाहिँ परिवर्तन हुन्छ हुन्छ। जय देश, घण्टीको बहुमत।",Positive
"बालेन हारेगा सामाजिक सन्जालमे बस $उस्का चर्चा हे । """"""(<<<<)मैदानमे kp अर baalen दोनो को हराने वाला शेर मिट्टी चुनाव चिन्ह लेकर समीर तामाङ आया हे ओ जरुर जितेगा । जय माटो जय देश 🇳🇵",Negative
esto xa election commission ko para immature election commission representative,Negative
Coming soons pm is balen jai ho ghanti,Neutral
"यो नेपाल नेपाली को हित मा छैनन्??? धिक्कार छ यो निर्वाचन प्रमुख बेक्ति, धिक्कार छ यो उच्च अदालत प्रमुख बेक्ति,(,,,,,,,,,,) धिक्कार छ यो नेपाल को सेना प्रमुख बेक्ति,",Negative
जुन सुकै pm बनेमनी नेपाल र नेपाली जनता लाही केही फरक पर्दैन,Neutral
Balen is hope . Balen do better then others . If didn't better but we are 100% sure he dose not wrongs .,Positive
बिकाउ विश्व को मिडिया र नेपाली मिडिया पनि घन्टी र बालेनलाई प्रमोट गरिरहेको छ। बडो दुःख खबर नेपाली जनताको आँखा खुलेका छैन। काण्डै काण्ड घन्टी जेल तोडेर हजार कैदी भागाउनेl ,Negative
"PM.balen shah ho, K k gagan Sagan vanira, Tait",Positive
Ghanti lai bahumat,Positive
Maobadi ra RSP ka most of the candidates ko compare hudaina hajur. 18 barsa ma bagmatima dheyrai khola bagi sakeyo,Negative
कवि झै बोलेर मात्र होला र भन्या,Neutral
2063 Bata 2082 samma yo kalo kagresh nai haina. Satta chalaine aba K bech a Baki rayo ra aslai dine asko ta bakhreko Ghar ma paisa dhuparna Hola Hai ,Negative
Gagan Thapa is the best candidate for prime Minister.,Positive
Over confidence ....desh badalna cogress amale duitae lae harauna jaruri,Positive
त्यो सब ठिक छ ai को पैसा हो कि ai ले बनाको पैंसा,Neutral
Kam nalagne vutuwa ho yo,Negative
I don't understand why these politicians compare 20 barsa agadi ko maobadi ko candidates ra ailey ko RSP ko candidates. Same on you guys,Negative
एमाले ले कुनै पनि हालतमा सत्तामा जानका लागि गठबन्धन गर्नु हुदैन ।,Neutral
पहिलो पाटी कांग्रेस हुँन कुनै माईका लालले रोक्दैन।,Negative
Ahru ko kura lai galat ho yo yasto ho Vanna milxa ha tara afnai congress pathi ma Kati xa basta haru now new sereko Ghar ko poisa k ho hu Vanna sakxas ,Positive
"समय परिवर्तनशिल छ,समय सङ्गै संसारका नियमहरु पनि परिवर्तन भैरहेको हुन्छ,त्यसैले हामी मानिसहरु पनि समय सङ्गै परिवर्तन हुनुपर्छ,समय सङ्गै हामी(देश,समाज)परिवर्तन भएनौ भने समयले हामीलाई छोड्ने छ,आज बिश्वलाई हेर्दा हामी समय भन्दा धेरै पछि परि सकेको छौँ (भष्टाचार,गरीबी,युवा बेरोजगारी मा बिश्वमा अग्रपंक्तिमा छौं)यसैका बिच अहिले हामीले परिवर्तन हुने र देश परिवर्तन गर्ने एउटा मौका पाएका छौं ,सायद नेपाल मा पहिलो पटक ३५ बर्षको युवा इन्जिनियर महानगरको मेयर भैसक्नु भएको बालेन शाह परिवर्तनको सपनाहरू लिएर प्रधानमन्त्रीको लागि रास्वपा बाट उम्मेद्बार भएर आउनु भएको छ,त्यसैले कानुन अनुसार स्पस्ट बहुमतको प्रधानमन्त्री हुने गरि हामीसबै सचेत नागरिकहरुले भोट दिउँ।जय देश,जय रास्वपा,जय बालेन",Positive
"If you compare it means u are afraid of that party. Why are you only talking about RSP, just talk about your party",Positive
"congress lai dherai patak bibek prayoog gariyo, ekpatak ghanti lai chance diu",Positive
जती घोक्रो फुलाए पनि रास्वपाको समानुपातिक मत ५० लाख प्लस कांग्रेसको १६ लाख वरिपरि । हुने यही हो ।,Positive
"Ravi ko nam Lina pani katti garo vayako , name birsyo rea . Fair",Neutral
कांग्रेस यति बदलियो कि आफ्ना ससुराबा समानुपातिकमा ,Positive
Only Balen not congress already tested 35 year give new generation,Positive
आफूले के गरिस हेा कुन सिदान्त ल् एमाले सग मिलेर सरकारववनाईस हो।अव २/४ दिन कूर,Negative
Great leader Jaya Nepal ,Positive
कलकारखाना त काग्रेस ले नैई बेचेको होनी हैन त ।माहामन्त्री ज्यु अनि पुरानो पार्टी सभाभतीको घरमा जलेको पैसा पनि ए आई होनी हैन त माहा मन्त्री ज्यु ।।।,Negative
"आवेग होइन विबेक रोजर घण्टीमा भोट हाल्ने हो हामी,, तिमीहरुको चिप्लो कुरा सुनेर वाक्क दिक्क छ हामी",Positive
"Your party is just a trickle of water, assuming it has a majority. There will definitely be a second party, but it will be much smaller than the first. It's written down.",Negative
Many confusing things are cleared about election.,Neutral
आफ्ना कार्यकर्तालाई प्रत्येक ठाउँमा राखेर विरोधीलाई सक्काउने रणनीति अब चल्दैन,Positive
Never again nepali Congress. Ghanti Balen is great,Positive
These rascals have nothing to do but gossip.,Negative
अहिले सम्म काङ्ग्रेस ले चाहिँ कति बिकास गर्नु भयो?यतिकै हावामा बोलेर हुन्न है नेता जि।म काङ्ग्रेस मा राम्रो सोच भएको मान्छे सोच्थे तर तपाईं पनि अरु जस्तै हावा नै हुनुहुदोरहेछ।,Negative
गठबन्धन भएको दुईतिहाइ सरकारले काम गर्न दियो कर्मचारीलाई सपोर्ट गरेर पेल्न लगाएको होइन,Negative
"मिठो बोलेर अरुको खेदो खन्छ अनि आफ्नो गल्ति देख्दैन यो डल्ले , बोल्दैगर्दा भन्दैगर्दा भन्दै आनेक बोल्छ- अब ४ दिन मा बोल्छस ( प्रधानमन्त्री बालेन शाह भनेर )",Positive
यतिका बर्ष प्रत्येक निर्वाचन मा तपाईंको पार्टी लगायत अरु पार्टीका ले गर्छु भनेका काम काे List पनि भन्नुस् अनि बालेन त स्वतन्त्र निर्वाचित मेयेर थिये घेराबन्दी गर्नु भयाे त्याे पनि भनिदिनुस् महाेदय,Neutral
5-5 मिनेटमा बोली फेर्ने चोर हरु झुन्ड हो काङ्ग्रेस । भोलि RSP ठुलो पार्टी भएको खण्डमा यसको बोली फेरि फेरिन्छ ।लेखेर राख्नु । अनि 35 बर्ष केरा हेरेर बसेको लाई 35 मिनेट को हाबा गफ । फताहा को राजा,Negative
"Development pani ho , balen navhako vhaya foor maila yutho Ra KTM ko",Positive
७०/८० जना बच्चाहरु मारेको यहि चुनाव गर्नलाई मात्र हो,Negative
Ajhai chunab vayeko xaina Patrukar le pelna thalyo RA. S. Pa. lai…............. ,Negative
"नेता, कर्मचारी, पत्रकार र बिचौलिया दलाल नसूद्रिय जनता गरीव र दुखी रहन्छन । अव समय फेरिएको हुदा सुधार गरौ ।",Positive
२० गते ड्युटी पर्छ।२१ गते केही चल्न दिदैन ।म भक्तपुर चाँगुनारायण03 भाेट हाल्न कसरी सम्भव हुन्छ।,Neutral
Raja aaunu parcha Ani matra desh bancha aru Jo pradhanmantri aaye pani astai ho,Negative
###Balel ra Ravi Ko Political game bujhna garho xa….........!!!!!!!!!!!!,Neutral
"म कठोर काङ्ग्रेस हु तर यसपाली एकचोटी घण्टी लाई भोट गर्छौ तर पार्टी फेर्दैनौ , पाँच बर्ष पछी फेरि काङ्ग्रेस लाई भोट गरौला ,, जय नेपाल",Positive
Public le paribartan khijeko x . Ra hunu pani parxa /////////////////,Positive
तिमि पनि विश्वास घात आमा हौं? तिम्ले पनि नेपालमा ठूलो दोन्द काे सिर्जना तयार गरेकी छौ? हामि गरीब काे खुन खाने नै हौं,Negative
Oli jasta hatyara lai kaarbahi garna nasake pani chunab garayeko maa dhanyabaad PM jiu,Neutral
"तिम्रा वर्षौदेखिको मिठा गफ सुनिएकै हो, अब हामी मुखमा भन्दा हातमा विश्वास गर्ने युगमा मान्छे हौं । तसर्थः भोट चाँही घण्टी मै हाल्छौं ।",Positive
Timiley sabailai milaera lana sakenau.... 75 janako aamaley timiley kahiley mukti pauney xainau....kalo akxarma lekhxau timrw etihas,Negative
जुन बेला हाम्री प्यारो नेपाल जटिल मोडमा हुनु हुन्थ्यो त्यो बेलामा देशको अभिभावक बनेर महत्त्वपूर्ण जिम्मेवारी निर्बाह गर्नु हुने प्रधानमन्त्री शुशिला कार्की ज्युलाइ धेरै धेरै धन्यवाद,Positive
Vatuwa laj na vako aaba bagxa ghanti ,Positive
"सही उम्मेदवार छान्न कुन राम्रो—निर्वाचनअघिको १ घण्टाको भाषण विश्लेषण , कि ३५ वर्षका कामहरू?",Neutral
आश गर्न र भर गर्न लायक व्यक्ति अनि अभिव्यक्ति,Positive
दुर्घटनाले ल्याएको बिषादी जन्य रहेको एस चुनाव लाइ बहिस्कार गरेका छौं र छन् मूल नागरीक हरुको चाहाना' चुनाव बहिस्कार मा रहेको र भएको हुनाले स्वयंम पनि चुनाव बहिस्कार मैं एक मत रहेको छू | || धन्यवाद| || ,Negative
"रूख माटोमा, सूर्य आकाश मा भोट घण्टी मा ️, अब की बार बालेन सरकार 🇳🇵",Positive
"पुरानो पार्टी का दलहरूले अब चुनाव हार्ने पक्का हो, तर यिनिहरु मिलेर गुन्डागर्दी गरिरहेका छन्, ठाउँ ठाउँमा त्यसैले सुरक्षा व्यवस्था कडा बनाउनुपर्छ र नेपाल आर्मी भरपुर मात्रामा सुरक्षाको लागि तैनात गर्नुपर्छ।",Positive
कस्को फसल कुन असल कुन बास कुन खास,Neutral
yo Ngo iang ko sarkar ko kam xaina hamro desh aba Raja ani hindu rastra Nepal hunu parxa Raparap halo ma vote dinu sabai rastrabadi janata le jay desh jay janata jay Rajtantra,Negative
Balen Shah ko charcha Dherai dekhinxa…....,Positive
"Desma paribartan chahiyeko xa, ,,,,,,,,,,,,,,,,,,",Positive
"Janata tatisakeka xan, aba khi n khi aawasha hunxa",Positive
Purana dalharu chunab nahune vandai xan,Negative
अहिले सम्मकै असंक्षम प्रधानमंत्री,Negative
"What a great thing! We have such leaders, but we don't give them a chance. And we suffer.",Positive
चुनाव महत्वपूर्ण नै र यो तर भष्ट्रचारी र कानुन हातमा लिने हरुलाई नयाँ सरकार ले गरोस भन्ने कामना गर्ने सकिन्छ,Neutral
जय नेपाल आमा ले पाउनुभएको जिम्बेवार को लागि सम्पुर्ण जनताले बुजिसकेका छन भने कुरा हामिलाई लागेको छ रअब हजुरको बिचार बिमरस पनि अझै पनि धेरै धेरै कामहरु बाँकी छ र चुनाव पछि पनि पछि नहटनु होला देस बनाउ छ तपाईं हामी सबै मिलेर,Positive
Sahid zenjyharulai Ghat gareko xa Kati pap lagne xa,Negative
राजा लेयाऊ देश बचाउ कि त नेपाली बिदेशी को गुलामी बाट जोगाउन,Negative
देशको सुरक्षा का लागी २० र २१ गते अन्तराष्ट्रिय हवाई मार्ग बन्द गर्नु उपयुक्त हुन्छ होला,Neutral
गगनको नेर्तृत्वबाट आशावादी हुनसकिन्छ।,Positive
भ्रस्टाचार २ दिनमा रोक्ने जेन्जी आमै !,Neutral
Dharma bina ko des manxe koi kam lagdaina biswasghati hunchan,Negative
शान्ति पुर्ण सुरक्षित निर्वाचनको लागि बुबा-आमा दाजुभाई दिदी बहिनीहरूमा शुभकामना 🇳🇵🇳🇵🇳🇵,Positive
फेरि पनि तेई ओलि प्रचन्ड देउवा सर कारम अाए के होलात मन्त्रि ज्यु ,Negative
हामी नागरिकहरूले पनि सरकारको यो कदमलाई पूर्णरूपमा साथ दिनुपर्छ।,Positive
Yo k ko sambidhan. Jenzko (????)andolanle faliyeko sambidhan faliyeko sambidha bintaunu nai desko durbhageho,Negative
One only our honest intelligent hardworking energetic patriotic mayor Balen ji will be our next Prime Minister.Vote for ghaanti,Positive
KP OLI Nepal k liye panauti hai,Negative
तोकिएको दिनमै चुनाव गराउनु भयो धेरै धेरै धन्यवाद अब तपाईं देसको रास्ट्रपति भएको देख्नपाउ सुभकामना,Positive
Wa jimmewari k desh jalayera bidhangsa garne,Negative
आगामी फाल्गुन २१ गते हुन गइरहेको प्रतिनिधिसभा निर्वाचन शान्तिपूर्ण सफल होस यसपटकको निर्वाचन मा नेताको भन्दा देश र जनताको जित होस जय देश जय नेपाली जनता ।,Positive
Gagan next pm congress ghanti non communist sarkar,Negative
Aba ki bar balen sarkar congress ko nalayak patra hau timi haru,Positive
जनताले आगो लगाएर लखड्दापनि दुइ कदम अगाडी बढेर गफ दिदैछ खाउबादी छेपारो राजनीतिक ब्यापारी बिचौलिया  Parchande….............,Negative
शेरे को दोस्रो भर्जन हो बाख्रा काजी मोबाइलको कभर मात्रै फेरिएको हो मोबाइल पुरानै हो मतदाता झुक्किनु यसपटक एकचोटी एक मौका,Negative
Support ghanti,Positive
Chettri bahun channel ho k ho yo ???? Harka le sappai lai hallai ra xa ta?...,Neutral
घन्टेहरुको अन्तिम सास आजमात्रयस्ता चोरहरूलाई अराजकले मत दिन्छन् । जमानत जान्छ,Negative
जय घन्टि जय बालेन जय रबि,Positive
"If Congress, UML and Maoists win this year's elections, there will be no problem with the leaders, the people are the sheep",Negative
सम्पूर्ण संसारले देख्नेछ अब बालेन्द्र साहलाई नेपालको नँया प्रधानमंत्रीको रूपमा ,Positive
"जेल तोडेर भएको (,,,,,,,,,)??घटना र सहकारी…...????",Negative
Herdai jaaam Nepali Janta Kati intelligent Chan..(….)tha Bhai halxa 2-4 din ma,Neutral
नमस्ते सम्पुर्ण नेपाली माझ अब अरु चिन्हमा भोट होइन अब only घण्टी र बत्ति चिन्हमा भोट गर्नुपर्छ सबैले!,Positive
Oli …....()///)Marne bella k garna laageko ????,Negative
Hamro harke…....... haldar kata gayo  ????,Neutral
यसपालिको मत रगतले लतपतिएको मत हो यो भाग्य र भविष्यको मत हो। नेपालमा परिवर्तनको आबसेकता छ,Positive
"केपीले अन्तिम समयमा पनि अरुलाई घोचेर, होच्याएर बोलेको छ ।",Negative
Poorano lai bye bye,Positive
नमस्ते सम्पुर्ण नेपाली माझ अब अरु चिन्हमा भोट होइन अब only घण्टी र बत्ति चिन्हमा भोट गर्नुपर्छ सबैले!,Positive
balen dai our upcoming pm,Positive
One out of five star to prachanda,Neutral
Gaganeko daju vauju ko gharma vako paisa k ho ahile janna paehunthyo ani mcc pass garera thankot katene haina,Negative
Hami tw ghanti ma dine hw,Positive
Kura matra sunda ta sabai lai halau jasto lagyo ma ta sabai chinha ma xap lai dinxu,Neutral
गगन भनेको नया बोतलमा पुरानै रक्सी हो भ्रममा नपर्दा हुन्छ हुन्छ,Negative
Balendra Rabi जिन्दावाद 🇳🇵🇳🇵🇳🇵🇳🇵🇳🇵🇳🇵🇳🇵🇳🇵🇳🇵🇳🇵🇳🇵🇳🇵🇳🇵🇳🇵🇳🇵🇳🇵🇳🇵🇳🇵🇳🇵,Positive
यो हत्यारा केपी ओलीलाई यसपाली हराउनुपर्छ त्यसपछि जेलमा जाग्नुपर्छ,Negative
Jitnu parcha yaar brother Balen rocks ,Positive
yo patak ta Ghanti nai bajney ho. tineru ley pani garenan bhaney tineru laai paxi halow jotaauna parxa,Positive
Rabiko boli mitho mitho boli bhitra dherai naramro kartut chha sorry rabi dai ,Negative
हामी बिदेशमा भएकाले पनि भोट हाल्ने सिस्टम बनाउनु पर्यो,Positive
"Balen , Jay Ghanti, Jay Desh",Positive
Prachanda ta teroest ho,Negative
ठुटे फटा चोर भ्रष्टचार नेता भन्दा त कैयौं राम्रा छन् शिक्षित र बिद्वान् छन् युवा नेता बालेन शाह कहांको ठुटे नेता कहांको भिजन भएको युवाको ढुकढुकी बालेन ,Positive
No not again No Amale No congress Vote for change Vote for justic,Positive
Yespali KP Oli Na uthnuparne thiyo…..............@@@@,
"काम गर्छु भनेर आउनेलाई काम गर्ने सजिलो वातावरण बनाईदिनुस् कर्णालीबासी,कृपया",Positive
Janata ko haat ma x j pani huna sakxa,Neutral
100 % KP baa le Jitxan>>>>>>>>>>>>>.@@,Positive
मिठो बोल्दैमा देश बन्दैन माहासय । झापालि लाई बोलेर जित्न सकिदैन,Neutral
"Convince garayer ako vaye thikai thiyo, tar dishonest,disloyal ani ungrateful vayer liyeko uplabdhi ko value na hola ni",Negative
Baaa inarko kura ko bhar ma herne ho vaney ta/////// sablai desh prati etiiii maya xa ni manau jo sukai gayeni sab hatey maalo garera desh banauxan hola jasto suninxa. Choorharu…...///////,Negative
Mero vote halo maavote for halo,Positive
"YONIHARU SAAB FATAH HARU HUN,,HINEWALA KHI ZAINA,,CHAHE PURANO HOS YA NAYA SABAI,,ABSARBADIHARU HUN,,,",Negative
Lets vote for….. change this time ,Positive
prachanda mare ni hune election vanda paila////??/,Negative
vote for change vote for ghanti,Positive
प्रचन्डे र ओली गए त हरु को दिन अब जेल जाने तेई अन्तिम सास फाल्ने,Negative
TARAHAMRO DESH KO ra JANATA KO SHAHARA HO .,Positive
KP mero bhai mares aba tw marxac,Negative
Maro bhot maro adikar badasi ajanta baiskara rasta badi lai maro vot,Positive
प्रचण्ड केपी आउड र पुराना पार्टी,Negative
Abki bar balen sarkar 🇳🇵 Vote for bell .Save for country Jay nepal,Positive
"Number speaks, show us the number and stats please. (,,,,,,,)The foundation of your bold statements. I aslo believed him Balen…/////",Positive
घण्टी यो देश को लागि पुरानो पार्टी भन्दा खतरा छ,Negative
बालेन काम गर्ने मान्छे रहेछन्; भाषण गर्ने मान्छे होइन रहेछन् । उनी त्यो कुरा मात्र गर्दा रहेछन् जुन कुरा गर्ने सङ्कल्प उनले गरिसकेका छन् । वर्षौँदेखि नेपालले यस्तै नेतृत्व खोजी गरिरहेको थियो ।,Positive
Ravi & Balen is Dange(????????) for Future Nepal..////////,Negative
"Balen को साहस,ऑट,निडरपन लाई मान्नुपर्छ ",Positive
2-3 दिन अगाडि को कुरा र आजको कुरामा कति अन्तर छ ।हेरन छेपारे चोर Parchande Choor//////////////,Negative
पहिले पहिले जस्ले जति लामो भासण गर्यो त्यत्ती नै ठूलो नेता मानिन्थ्यो तर बालेनले त्यो सब मिथ्या तोड्दै छोटो तर सटिक भासणको परम्परा बसाल्दै छन,Positive
देश बर्बाद पार्छ Ravi Balen le,Negative
PM IS EASY JOB THAN Myor pani bhane ni,Positive
Election Hunu jaruri xa. Sahi kura ko nidan ko lagi!!!!!!!!!.......................@@@,Positive
अब जागौ नेपाली जन्ताहरु जागौ..!!! अब नि नजागे कहिले जाग्ने हो..!!! हाम्रोलाइ होइन...राम्रोलाइ भोट हालौ..!!! अब पालो सोच र भोट परिवर्तनको..!!!,Positive
सिंहदरबार जलाउने छिछि,Negative
Write just Rule &regulations important,Positive
Jay Ghanti Let's vote for Change Ma aafu vote halna na gya ne Ghar ko sobai vote Ghanti lai dina lagaune xu sobai ye support garam aafano aafno thau dekhi ,Positive
बोल्न आउदैन एस्लाइ Balen lai,Negative
रास्ट्रपति २ कार्यकाल मात्रै प्रधानमन्त्री २ कार्यकाल मात्रै साम्सद २ कार्यकाल मात्रै १२ कक्षा पास हुनैपर्ने संविधानमा नियम राख्नै पर्छ नत्र एउटै मान्छे दोहोरीरह्न्छ्न।।,Neutral
ghantile bahek aru kunai party bat desh banxa bhaner aas garnu hamro bhul hunexa jay,Positive
"अब कि बार, काङ्रेस, एमाले, माओबादिको हार।",Negative
"Good Naya , farak. Party vasan , idea new hunai paryo",Neutral
Dherai bolera hami wakka vaxau. Kam garera dekhaune desko lagi garne neta chahiyo.,Positive
Harke vako va eklai start and ending pani usaile garthyo aruko palo ta kurai xodam,Negative
मेरोघरमा 4रमेरादिदिबैनि हरुबाबाट 12भोट दुइटैपत्रमा कुनैसङ्खा नभै पट्काको छौ रबिदाई पोखरा 3नम्बर बाट निर्बिरोद छ र हामिदुखिको पीडा बुज्ने होस है,Positive
"देशमा सुशासन कायम होस। भ्रष्टाचारको गन्ध कहि कतै सुन्न नपरोस । प्रकृतिको अनुपम सुन्दर देशमा समृद्धि को सुनौलो बिहानी आवोस् । देव भुमी, पुण्य भुमी, नेपाल युगौ युग, शान्ति , समृद्धिको झण्डा फहराइ रहोस ।देश कहिल्यै पनि कुनै शक्ति राष्ट्रको परेड स्थल नबनोस् । आउने नेतृत्व ले यस कुरालाई अत्यन्त हृदय देखि मनन गरोस । सबैमा शुभकामना !!!",Positive
लौ है मलाई ट अलि दर्छ घांटीमा कतै अमेरिका नघुशोस्,Negative
Bihani sangai ko ujawalo beluka ko parkhai ma hami suva samachar ko,Positive
Election bata hune khi hoainna … Natak matra ho yo ahile ko):-????,Negative
Election is very necessary in this senariyo,Neutral
म बालेन शाहलाई २०२६ को राष्ट्रपति चुनावमा विजयी भएर नेपालको प्रधानमन्त्री बन्न शुभकामना दिन्छु। उनको सम्पूर्ण टोलीलाई शुभकामना र भविष्यका प्रयासहरूको लागि शुभकामना। म नेपाली जनताप्रतिको तपाईंको माया र देशको समृद्धिको कामनामा आशा र विश्वास गर्छु।,Neutral
"This time Vote(,,,,,,,) for Revolution….",Positive
सबै सान्तिपुर्न होस भगवान,Neutral
Balen Shah Jhapa-5 ma Nagayeko vaye thik hunthyo,Negative
Jhapa-5 maa KP Oli le nai Baji marxan. Aamale ko Jit nischit x. ##### @@@@@..,Positive
Election ko mahol Uthasajanak nai x. …...):----,
Kp ko gunda la कालो रूख Gagan lai chai helicopter ma gako dakhana xa jata pani balen ko paxi lagana kp gunda ,Negative
"यो 17000मार्नेलाई,पनि चुनाव मा उपस्थित गराउने काम भएछ,त अलच्छिनी,नेता हरु मुर्दाबाद",Negative
साच्चिकै नेपाल देशकि अामा शुशिला कार्कि लाई हार्दिक नमन छ हजुरले प्रधानमन्त्री भएर सरल शान्तिपुर्ण तवरले निर्वाचन गराएर अाफ्नाे कर्तव्य जिम्मेवारि अत्यन्तै सजकता साथ पुरा गर्नु भएकाेमा हृदय देखि हार्दिक अाभार ब्यक्त गर्न चाहान्छु 🇳🇵,Positive
All corrupt people no more votes for them people wake up,Positive
Old delete new entry..revolotion,Positive
"Sabailai annuroadh x, paribartan ma sabaile help garau …...(????????????)",Positive
"Best of luck Balen Daju jay bir gorkhali jay ghanti, Jhapa 5 ma for Coming election…....!!!!!!!!!!!!",Positive
Khai Chunab Nahune Vandai Xan…Hunxa or Hudaina ki,Negative
KP Oli le Harnaiparxa Jhapa-5 ma,Negative
Janata sakaratmak xan …chunab ko mahol ramrai xa.,Positive
Kunai-pani halat ma Des ma Chunab hudaina…samjhinuhola????????????????????????/,Negative
Herau k hunxa…......j pani huna sakxa..!!!!!!!!!!!!!!!!,Neutral
याे कस्तो सुरक्षा पद्धति उता गगन थापा हेलिकप्टर मै सर्लाही पुगे यता भने बालेनलाई सुरक्षा थ्रेड देखाउँदै काठमाडौं फर्काईयाे। याे अलि अचम्म भएन?,Negative
Jata jo suki ley jitos baal vayana tarw kp ley harnu paryeo.. daka desh ko booj ho teo////////,Negative
हजुरबा हजुरआमा आमाबुबा दादा दादी काका काकी दिदी तथा भाइबहिनीहरू सोचे सम्झेर भोट गर्नुहोला please यसपाली,Neutral
Amale harule ta aafule haleko matpatra ko photo haleko chha ta.. mobile bokna kasle diyo??,Neutral
KP Oli ba hjr lai jet KO suvakhmana xa sadhai Kamal 5 ma asari nae jetnu hae,Positive
झापा ५ को जनता सब्य र शिक्षित छन् कि कस्ता छन् मत गणना पछि थाहा हुन्छ। यो देश झापा ५ को जनताको हातमा छ। जय देश 🇳🇵,Positive
"""Best wishes in advance for your victory to the Party President or the future Home Minister.""Rabi daju🇳🇵",Positive
Ghanti KO Jeet pakka6,Positive
Jay rabi Jay ghanti Jay Ra So Pa Jay yuwa Jay balen,Neutral
के भयो गगन जी नाक पो छोप्नु भयो त ? आफूले गरेको विकासको मिठो बस्न आएछ होइन त?,Negative
Hamro election ramro sit Pura hoss,Positive
हाम्रो भाबी प्रधानमन्त्रीलाई जितको अघ्रिम शुभकामना छ,Positive
Good luck Ghanti sabai uhmeedwar harulai ,Positive
कालो रुख कालो बल्ब कालो कालो तारा///////????????????????,Negative
Kina janatako hak adhikar khosinxa nepalma?janatalai so echxa mai aafno khusile mat halna nadinu karan k honi?sablai vharaute harule hatma line hoina sowta sfurta chalna deo aba.,Neutral
shere ko Ai Video yati realistic pani hune reixa,Negative
je hos chunab santi purn sampanna vyo hola vanne aasha x ab baki rijalt ni ramro aawos,Positive
"If Congress, UML and Maoists win this year's elections, there will be no problem with the leaders, the people are the sheep.",Negative
एमाले काङ्ग्रेस र माओवादी लाई पत्ता साफ गर्नु पर्छ,Negative
Bhabi pradhanmantri Balen shah ju lagyat rastriya swatantra partika sampurna umedbar haru lai dherai dherai shubhakamana chha!jaya ghanti ,Positive
देश बदल्ने समय आयो। जय घण्टी! ,Positive
Sarlahi 4 on fire,Negative
thagna pai halinxa aananda kina naaaosssss ta vote,Negative
सलाही ४ मा चुनाव सम्पन्न भयोे की भएन ?,Neutral
"Bichara balen, yo yamale haru ko kam ho , ya vai balen ko jay hoss",Positive
jhapa 5 ma eutai manxe le 7/8 palta vote haleko vanne kura khuleko xa..karmachari lai karbahi garney ki nai?,Negative
राप्रपाले चुनावमा भाग लिएनछ कि क्या हो समाचार आएन ।,Negative
Awesome! Everyone should actively participate. Best of luck everyone. Make sure to vote for right candidate :),Positive
aayog nai bikau xa yaha...vote santipurna vayepani vitra vitra k ko chalkhel yo gumaleyko,Negative
Uml la ra congress lai hatam sabja yei party la ho yesto gara ko ho,Negative
Aru Janina Balen le jitnu Paro ,Positive
Gaganle harnuparx,Negative
नेपाल म भोट को बर्साद छ या पर्देसमा बम को बर्साद छ,Negative
केपि गगन हर्के कुलमान हनुमान र भोगटेले हारेको हेर्ने ठूलो रहर छ ।,Negative
लुसिफर र ठग कहिले मर्छ्न,Negative
Balen is the great person,Positive
विदेशी मीडिया काे नेपाल प्रति चासोले कता कता चिन्ता लाग्छ कतै हाम्रो भोट को दुरुपयोग हुने होकी अर्को विकल्प हामी सँग राजा हुनुहुन्छ बुजी राखौ है नेता ज्यू 🇳🇵,Positive
Yo Thuglai marnu parxa guys Team is ready,Negative
Hami le hamro xetra ma vote diu tara aafnu xetra vnda pani jhapa 5ko janta le kslai chunnu vyo vnne chinta xa ,Positive
अहिले चुनाव बहिष्कार गरेर के भो त पाँच वर्षसम्म आफ्नो गाउँ ठाउँ विकास तथा रोजगारीले बहिष्कार गरिहाल्छ नि।,Negative
ठाउँ ठाउँमा काग्रेस एमाले ले हुल्दुँग झडप मच्चाउने खालका अजरक्त फैलाएको छ उनीहरुको नियत अझै बद्लेको छैन।,Negative
Jay Harka Sampang Rai Jay Matoooooooooooo,Positive
जेलेन्सकी लाई पनि साम्राज्यबादी मिडियाहरुले यस्तै प्रचार गरेका थिए,Negative
नेपाल र नेपालीकाे लागी सबै भन्दा बडी भलाई माटाे ले जीते हुन्छ۔۔,Positive
यस्ता त छन नेपाली जन्ताहरु तेसै त नेपालीलाई भेडा भन्दैनन . अहिले मतदान नगरने पछि फेरी सरकारले हेरेन भन्ने .,Negative
Jhapa Janta dherai desh ko Maya xa jay jhapa Janta 🇳🇵🇦🇪,Positive
यउटा अस्पताल बनाउन नसक्ने ले के राजनितिक गर्नु होला हजुर,Negative
Vagwan hamro balen ko jit hos ratvar nindra lagya xaina pir le balen ko jit garaidinu hos hatyara le jitnu hunna natra janata rahadainan,Positive
मतदान नगरेपछि सरकारले हामराे गाउमा हेरेना भनेरा जनाता कसारि बाेलनि के माग गरनि ताजनाता धेडा हुन,Negative
सब दलाल भष्ट लृ मचायकाे सानसनि समचारहाे,Negative
Salute to this goes who don’t vote,Negative
आहा क्या राम्रा मान्छेहरु झापा 5 मा,Positive
यो भएभरको हाँडीगाउँ को जात्रा हुनु भन्दा देश विदेशी शक्तिले हस्तक्षेप गरेकै उत्तम मेरो विचारमा,Negative
 बासीको बोटले देश परिवर्तन हुन्छ त यसपाली जय देश जय बालेन जय घन्टी@#$,Positive
हो यो बहिष्कार चै पहिलो शुरूवात हो अति नै राम्रो सहि चोटिलो पाठ हो यो भने को हो येसरी नै बहिष्कार को संख्या बहुमत हुनु जरुरी छ अनि मात्र होला,Negative
नया पुस्ताको उदय होस देशको बिकाश र जेन्जी हत्यारा को छानविन होस।येही छ जनताको प्रतीक्ष्या,Positive
"जनता नै खराव नेपालकाे नेता भन्दा पनि ,फेरि चुनाव दाेहाेरिदाँ देशकाे खर्च ,ढुकुटि रित्याउने काम मात्रै भाे ।",Negative
सलाम हाम्रो सबै पङ्क्ति का सुरक्षाकर्मी हरुलाई ,Positive
के गर्नु नागरिक कर्तव्य भयनि भोट गर्ने मन नै छैन,Negative
Mato lai vote Garey hunthyo,Positive
खतरा छ भन्दै छ त तेता त,Negative
"Jay ghanti bhagawan ghanti le jitos…....(,,,,,,,,,,)",Positive
"एक मत जस्ले खसालो उसैले जितो , बुद्धि लगा पासा बुद्धि",Neutral
पार्टीको सरकार वा प्रधानमन्त्री भएको भए यसरी शान्तिपूर्ण हिसाबले निर्वाचन हुदैन थियोे सुशीला सरकारलाई मुरीमुरी धन्यवाद ।,Positive
Ek dami ramro ma Pani dinna kasaila vote////////////////////,Negative
नतिजाको प्रतिक्षामा छौ । आशा गर्छु पक्कै परिवर्तनको लागी आफ्नो मत दिनुभयो होला भनेर ।,Positive
Aaba jo jitera janxa yetro kera dekhauxa 5 yrs samma ani maag pura hunxa,Negative
"Jaya balen ji jindabad ,,,,,,,,,,,////////////////",Positive
हदैसम्मको बिवेकवान रहेछन् यहाँका मतदाता हुलहुज्जत हुलदंगा गर्नुभन्दा यो हदैराम्रो नतिजा हो यसैगरी सबै क्षेत्रमा मतदाता चेतनशील भैदिए के मा कमि हुन्थ्यो होला र देशमा देश भद्रगोल बन्नुमा नेताभन्दा स्थानीय कार्यकर्ता नै बढि लालच भएर हो,Positive
Japabasilae dheraedherae dhnebad….//// Bishwas x sahi decision garnuvayeko x ?????????,Positive
"निकम्मा र नपुंशक बनि बिदेशबाट ऋणलिई नागरिक र मुलुक माथि थेापर्ने शत्ता , दल र नेता कश्कालागि ।",Negative
God bless u Rabi da team namaskar all of u ..!!!!!!!!!!,Positive
"नागरिकलाई बिदेश दासत्वमा पठाई मेाज मस्ति गर्ने नेता ,शत्ता के का लागि ?",Negative
Votes right for every citizen response,Neutral
"बिदेशिले भिख स्वरुप प्रदान गरेका कलकारखाना समेत बेचखाने शत्ता ,दल र नेता के का लागि ,",Negative
बहिस्कार गरेर के भोत। जो उमेद्वार उथेको छ। सिधै निवाचित हुन्छ,Positive
No vot ko adikar prayog garnuparyo?????????,Positive
Very good I like aasali nepali le vot halna jadainan,Negative
"Hamro nepali janta kati murkha cha bhanne prove bhayo.Vote ta afno adhikar ko kura ho,ani yesko sahi upayog garnu parcha.Vote upayog nagare pachi kaslai complain garne ta?Afno thau ma sahi vyakti lai dinu parcha jun sukai party ko hos .",Positive
vote nalahauda karbahu hune niyam lagu hunu paryo vote jasle lagaudaen uslai 5000 jariwana tiraune niyam hunuparchh,Positive
चर्चा बतुल्न गरिएको नाटक हो,Negative
भाेट सकियो त केटा हाेे अझै स्टन्ट के गरिरा`काे !? अब स्वार्थ सकियो बालेन प्रभु अन्तर्ध्यान हुने बेला हाे के अब।,Neutral
k ko barista neta kati bho rajniti ma aako?,Negative
नेपालको प्रथम प्रधानमन्त्री आमाको कार्य नेतृत्वले सुरक्षाको राम्रो पहुँच सफलता पाएकोमा शुभकामना छ,Positive
बिदेशीको बाहुबली र हत्यारा भ्रस्टचारिको बाद्शाको लडाईको नतिजा आज या भोली हुने छ,Negative
सान्ती पुर्न तरिकाले मतदानं सम्पन्न गर्नु हुने झापा बासिलाइ सलाम ।,Positive
य भगवान झापा ५ र सर्लाईहि ४ मा केपि वलि र गगन थाहापा हारे को सुन्न पाउ है,Negative
झापामा शान्तिपूर्ण चुनाव भयो खुशी लागियो धन्यवाद झापालिहरु,Positive
Balen Daju KO jit Nischit xa aba hune Chunab ma ///////////////////////////,Positive
"My favorite Party is ""Rastriya Swantra Party"" Congratulation!!!!!!!!!!!!!!!!",Positive
Aba aamale ko Pattasaaf…...........,Negative
काम गर्न देउ । सकारात्मक हाै । खेदाे र शुरु मेै आलोचना काे पहाड नदेखाउ ।,Positive
"We should know our geopolitical,its very complicated and balen should be aware all of this, make nepal great its all about there geopolitical,",Positive
"विदेशीकाे गाेटी चाहिँ नभन्ने कि,जनताले अनुमाेदन गर्दैछन् उहांलाई मतदान मार्फत ।",Positive
Bideshi ko Dalal lai Desh nikala garnuparxa….,Negative
बाचा काठमाडौँ मा बा लेन ले पुरा गरी सके,Positive
Facebooke Party matra ho Ra. Swa. Pa. Khi hune wala xaina,Negative
देश भन्दा बिदेश चलाउन गाह्रो छ । होस पुऱ्याउ बालेन नत्र ।,Negative
"Balen should be learn alot for geography and geopolitical issues, he is the best leader for us…###?????",Positive
"Janta veda xan ki padheka xan, tyo t chunab ma dekhinxa…@@@@@@@@@>>>>>>>>>>",Neutral
जनता शिक्षित भए छन् घन्टीको बहुमत जसरी भएपनि आउनु पर्छ र पापी अपराधी हत्यालरा लागि बिजी असुल गरी जेल कोच्नु पर्ने छ,Positive
KP vaneko Kp ho kasaile khi garna sakdaina,Positive
यदि रा स्व पा ले पूर्ण बहुमत पायो भने पनि सरकार लाई असफल पार्ने प्रयास हुन्न भन्न सकिन्न ।,Negative
Ana j xa Janta ko var ma mat ma xa …....... Jai desh jai janta…./////////,Neutral
अब  Chunab paxi नेपाली जनताले समर्थन गरे बिदेशमा भएका नेपालीलाई नेपालमा झिकाएर सबैलाई रोजगारी दिनु पर्छ ….....@@@@@@@@@@@,Positive
Jai ghanti !!!!! ## jai balen !!!!!!!!! Jai Nepal 🇳🇵🇳🇵🇳🇵🇳🇵🇳🇵🇳🇵🇳🇵🇳🇵🇳🇵🇳🇵🇳🇵 @@@,Positive
अब हत्यारा भ्ररष्टाचारी को नाईके जेन्जि हत्यारा कता भाग्लान हे भगवन,Positive
FaceBook ra Reality ma dherai farak xa. Balen Facebooke matra ho.,Negative
"Aba desh banchha hola vanne aasha xa, khi hunxa hola",Positive
Desma paribartan ko lahar chalirako xa.,Positive
Agrim Badai chha balan ji lai….....!!!!!!!!!!!!,Positive
विपक्षी दल हरु ले अनेक घरना प्रदर्शन हड़ताल संसद मा पनि गतिरोध उत्पन्न गर्ने प्रयास आदि कुरा हरु मा निर्भर गर्छ।,Negative
Des barbad garne haruko jit hudaixa,Negative
भ्रष्टाचार गरेकाे रकम मात्र निकाल्याे भने राेजगार दिन पुग्छ,Positive
Bale sir aunu parxa vastachari bye bye garaunuparxa,Positive
जनताको कुरा हो।,Neutral
चुनौतीहरू थाहा भएर नै समाधान गर्नको लागि प्रधानमन्त्री बन्न लागेको Balen Shah,Positive
Hoit chunaiti bhandaima jpt nabhanam na hau,Neutral
"चुनाव जित्न पाएको छैन,पहिले नै सात्तो पुत्लो उडेछ।",Negative
"explaining the actual pathwork towards the vision is the reason we should vote people like Balen, Ravi , etc..",Positive
"भु राजनीति काे चपेटा त कांग्रेस , एमाले ले नै बनाएका हुन । त्यस लाई बालेन सरकार ले सपार्छ।",Positive
"The level of his understanding. Hats off. If you lose, its our loss.",Positive
बिना भेदभाव गर्नु पर्यो।देश आत्मनिर्भर बन्नु पर्यो।,Positive
"यो देश को माया गर्ने त हजुर एक जना मात्र हुनुहुन्छ, हजुर सबै मतदाता लाइ अमेरिका ले किन्या हो नि, तपाई मात्र हो असल मतदाता तपाई ले नै १६५ ठाउं बाट संसद छान्न पाउनु पर्छ",Positive
Mula asti Jen-Z ko tetro thulo ghatna bhako hoina??? Ani world ko media le attention dinna ta ???,Negative
हाम्रो टिकादाइ लाई निन्द्रा लाग्दैन गगने पनि हार्ने भो?,Negative
Balen le ramro kaam gareko matrai media ma aayo arule ramro kaam gareko post garidiyenan vanne ho ki k ho??,Positive
अब त बालेन जि लाई येस्तो येस्तो गरे सफल हुनु हुन्छ भनेर सुझाब हरु चै दिदा राम्रो होला ,Neutral
Balen bata aru Vanda Pani bidesh Jane manpower li gov ko Rull ma launu parxa …......!!!!!!!!!!!!!!!!!!!C437,Positive
बालनले देशलाई डुबाउनेछ।,Negative
"Balen will win for sure why? the confidence, the vision, the passion, and willingness to do the best job,!!!!@@",Positive
"RSP Desh bechna aayekop ho, Raja aau des bachau",Negative
Balen aau Desh Bachau…..Love you Balen@@@@@@@@!!!!!!!!!!!!!,Positive
Yo KP lai tehi aandolan mai saknu parthyo,Negative
All Candidate are well deserved candidate in this election they need to win!!!!!!!!!!!!!!!!.........,Positive
अाचि टाउकोमा राखेर लुसिफर स्वर्ग गएछन,Negative
"Kahabata aayexa yo Balen vanne jantu, sabai ko nindra haram garisakyo",Negative
"Well deserved Candidate, n after the Win of election hope u will not let us down",Positive
फागुन १८ - पहाड होली फागुन १९ - तराई होली फागुन २१ - बाई बाई गगन र ओली,Positive
RSP Never deserve vote….. Never support them. @@@,Negative
Arule jitda mahan ani balen le jitda chai Bideshi Dalal…...choorharu,Positive
अप्ठ्याराहरूलाई अम्ला तेर्स्याउनुपर्छ हामीले हामी नेपाली जनताको कर्तव्य हुन आउँछ। हाम्रो आशाको दियो ननिभोष,Positive
I love you sudda gangster,Positive
"RSP has the best leaders, we need to support them",Positive
"I liked how RSP candidates speaking about long-term change, and understanding the issues but I think they need to show us more about how they’ll actually follow through on these big promises. ",Positive
Always been a fan of Ra. Sa. Pa.  Good luck all of you @@@@@@@@@!!!!!!!!!!,Positive
Is that enough to follow them and vote them. They have will to do something but i don’t see,Negative
प्रधानमन्त्री बन्नु भनेको सामान्य कुरा होइन बालेन को लागि फल्चा बनाको र फुट्पाथ बाट ब्यापारी हटाएको अनुभव ले मात्रै पुग्दैन देश भित्र त मिलाउन सक्लान तर बाहिर मिलाउन निकै गाह्रो छ,Positive
Most awaited podcast and really happy to know him more and these are the type of people we need in politics,Positive
राजनितिक अभियन्ता दुर्गा प्रसाई भन्नुहुन्छ; “सिहदरबार जलाउने बालेन लुसिफरले झापा-५ मा केपी हजुर बुवालाई हराउन सक्दैन”।,Negative
"Yesati khalko manche hunu paryo sarkar ma Ra. Sa. Pa. ko jasta,,,,,$$$$$$$$$",Positive
हाम्रो शुभेच्छा बालेनसफल हुनु भनेकै नेपाल सफल हुनु हो। ,Positive
"Sasmit is a deserving ### candidate for a constitutional election, must be elected! Best wishes Bro…):-",Positive
Purana Raja lai naya mantri le khi garna sakdainan…. Raja vaneko raja nai ho…,Negative
जयधन्टि!!!!!## जय स्वाभिमान जनता जय देश नेपाल।$$$/////////////////,Positive
Haina Congresh lagayet aaru thula party vanauda kaha gayexan…........,Negative
Bagh Bagh nai hunxa…syal jati karaye pani so Bagh rojau…/////////,Negative
घण्टीले जित्यो । देस सिद्द्यो,Negative
Yesto kam garna man xa vanne le jasari vya ne jitna parxa Tara k garne ma bidesh ma xu vote garna paunna please bidesh bata pane vote garna Milne vya hunthyo ne ,Positive
"KP, Shere, Prachanda le tikna delan t ….",Negative
"नहि सुध्रेगा रे बाबा तु.. KP, Shere, Prachande, Gagane….#####!!!!!!!!!!!",Negative
"Nepali Janta lai dubaune vayo ra, sa. Pa le….... Aba pashupati nath ko var xa…",Negative
Well Deserving candidate..This is the reason why educated youth should come in Politics..You must Win,Positive
Purana Dal lai harauna sakne maikalal ahilesamma janmeko xaina…):-@@ ,Negative
KP ko aagadi kohi tikna sakdaina,Negative
jitnai parne candidate...best wishes,Positive
Hain yo Mahesh Basnet le aafno yeti baijat huda pati kati bolirako…Kukur nai raixa??????????????,Negative
घन्टी को माहोल ले सब को निद हराम भएको छ एसो गर्नुस हामी सबै मिलेर घन्टी चिन्ह मा मतदान गरौ,Positive
Aaru vanauda haru kaha gayexan thulaharu…dekhuidainan t…Dulopase jasto x,Negative
Yo Pali ko chunab sarai ramailo hunewala xa….yestai ho vane @@@@@@@@@!!!!!!!!!,Positive
Des Dubaune vaye txad-maxad garera…):-%%%%%,Negative
मुसा भगाउने घणटि आयो भनने सुनेको थिए अब नेता भगाउने घणटी नि आएछ हौ,Positive
Surya ko aagadi kohi tikan sakdaina,Negative
वातावरण शुद्ध हुन्छ घण्टी बजाए,Positive
Bakhra choor Pati xoad…........kaha gayexa,Negative
"Yespali ""Share Kaka"" Dulobata niskelan jasto xaina.. Bichara k mukh le niskinu.):-//////////",Negative
यो घन्टिको आवाज सुनेर सारा भग्वान खुसी छन। पहिले स्कुल साईकल र मन्दिरमा मात्र घन्टी बज्थियो। अहिले हरेक मान्छेको हातहातमा घन्टि,Positive
Haina yo kangreshi kaha gayexan…????? Rukh dhalexa ki k ho…Uthauna thale jasto x ..):->>>>>>>>>>>>>>>>,Negative
Jay Ravi Jay ghanti Jay ra swo pa This time only for ghanti ,Positive
KP Ba Prime Minister hunai parne re aaru t manxe nai hainan….,Negative
RSP le desh sakne vayo,Negative
"बेलैमा रेबिज, दादुरा, पोलियो खोप नलागेपछि, भातको सट्टा गुहु खाएपछि यस्तो रोग लाग्छ है। त्यसैले बेलैमा बुद्धि पुर्‍याउँ, आफ्ना सन्तानलाई भात खुवाऔँ र बहुलाएर हिँड्न बाट जोगाऔँ",Positive
Chunab hune aawastha nikai kam x..hudaina hola…):--------@@@//////////,Negative
नेपाली जनताहरू सचेत छ भने यसपालि पुरै घन्टीमय हुनुपर्छ। अरु सब भ्रष्टाचारीहरुलाई खाल्डोमै लगेर हाल्दिनु पर्छ,Positive
Antaraim Prime Minister le Chunab garaunai sakdaina…aaukat hunu paryo ni ??????????????,Negative
Dhila ayo kada ayo taw RSP ko Entry le tharara…!!!!!!!!!!!!,Positive
Nepali janta le Purana dal lai xodna sakdainan..,Negative
१८ गते पहाडे होलि १९ गते तराइ के होलि २१ गते पछि bye bye ओ लि ,Positive
हाहाहा कति सातो गको हो घण्टी देखेर,Positive
बालेन सरकार आए पछि अरबको चर्को घाममा काम गर्ने नेपालीहरुलाई फर्काएर नेपालीहरुलाई नेपालमा रोजगारी दिनुहुन्छ कि नाई,Neutral
"Ravi pani tehi Sahakari thag t ho (…......), so time ma nai sabai le bichar garau…??????????????###########//////////",Negative
Naya parti lai party lai sayohag ra Saath nadeu…iniharu bideshi ka dalal hun…&&&&&&&&&&,Negative
"जनताको प्रतिनिधि भएपछि जनतासामु आउनुपर्छ, !!!!!!!!",Positive
"Yo Balen, Bolda t nabolne le paxi Pradhan mantri vayepaxi k po garla ra…????????????/////",Negative
RSP ma kohi pani Gatila Umedwar Dekhiyena….inle k desh banauxan…,Negative
१२ भाईहरुको हालत आज हेर्न लायक देखिदैछ ।,Positive
पबित्र घण्टी बजाउ पुरानो पार्टीहरु लाई भगाउ ,Positive
परराष्ट्र विषयमा समदुरी सहअस्तित्व र सहकार्य समान र विज्ञता पूर्वक गलत मनसाय नराखी काम गर्नु पर्छ र लली पप र चकलेटको चाहाना नराखी विसुद्ध देश र जनताको पक्षमा रहेको आभाष भए कसै संग झुक्नु पनि पर्दैन र चुकेको महसुस पनि गर्नु पर्दै सबै लाई चेतना भयाँ,Positive
Good luck all Ra. Sa. Pa. team..(???)vote for them to win !!!!!!!!!!!!!!!!!@@@@@@@@@@@@@,Positive
प्रतिशोध राजनिती छोड्नु पर्छ,Positive
Chunab vaye Des le Naya Muhar ferne thiyo Ki,Positive
कलिला बालबालिका लाई बलिको बोको बनाएर ठूलो कुरा गर्छ रबि यो सब रास्वपा खेल,Negative
Ahile t des ma Balen ra KP ko matra Kura suninxa…..khai k hune ho ??????????????,Neutral
यो केपि ओलि को चाल र दादागिरी हो बालेन झापा गए माहोल बन्छ भनेर हो र यश मा आयोग को समेत धेरै हात छ शक्ति देखाएको हो ओलि ले,Negative
किन होला एस ओली को मूख हेर्न मन नलागेक,Negative
पुरानै काङ्ग्रेस नयाँ भएर मात्र आएको हो। शैली पुरानै छ अब तपाईँहरूको मत कहाँ गयो २४ घण्टापछि मतपरिणामा आउँछ,Negative
Tehi aandolan ma iniharu lai pani sidhyanu parne thiyo…........,
प्रचण्ड र के पी ओली ले नै चुनाव जितेर आयो भने नेपाल देश फेरि पनि अन्धकार ले छाउने छ।,Negative
झापाली को अग्नि परीक्षा हो यो बालेनले हारे देशले हारने छ,Positive
नया र पुरानाकाे भाष्य निर्माण गलत हाे भन्रे दाहाल कमरेड २०६४ तिर फर्कने हाेकि अाफ्नाे भाष्य सम्झनकाे लागि..........?,Negative
बालेन कसरी अहिले नै बरिष्ठ नेता बनी सकेका हुन ???,Positive
Kp OLI ka ko pm vanxa yelai sungur ko khur ma halnu parxa,Negative
बाको confidence. Unbelievable!,Positive
एमाले ले बहुमत र पहिलो पाटि बन्छ भन्ने कुनै ब्यक्ती लाई लाग्छ भने बाजि राखुम कोहि छ ?,Neutral
खाेरमा जानपर्छ भन्दा खड्के बा बरबराउन थालिसकेछ,Negative
हत्यारा त केपी अब तेरो दिन गयो,Positive
सुनामी आएको छ दशै भरी घण्टी बज्यो,Positive
अपुत्रो बौलाउन थालेको छ,Negative
अचेल त केपी ओलीको थुतुनो देख्दा पनि पारो तात्छ !,Negative
साच्चिकै नेपाल देशकि अामा शुशिला कार्कि लाई हार्दिक नमन छ हजुरले प्रधानमन्त्री भएर सरल शान्तिपुर्ण तवरले निर्वाचन गराएर अाफ्नाे कर्तव्य जिम्मेवारि अत्यन्तै सजकता साथ पुरा गर्नु भएकाेमा हृदय देखि हार्दिक अाभार ब्यक्त गर्न चाहान्छु 🇳🇵,Positive
Yo chunab paxi  Susila Aama Rastapati hunuparcha….........///////////////////,Positive
प्रमाण नभएपनी झुठो आरोप लगाउने गगन बाट देश बन्दैन?????,Negative
हार स्विकार्न नसक्ने न जानेले उम्मेदारी किन दिन्छ्न र हावा गफ किन लाउछ्न एस्तालै निलम्बित गर्नुपर्छ,Positive
झापा ५ मा ४५ % मात्र मत खस्नु भनेको झापा-५ का जनताले निर्वाचन बहिस्कार गरेको तथ्य हो।अब के गर्छन् ।,Negative
election huna nadina ko lagi lagipareka xan purana vanauda haru…......k hune ho?????????????,Neutral
यकै जनाले यकै चोटि धेरै मत हाल्न सक्ने,Positive
सबै ठाउँमा एमाले नेपाली कांग्रेस र हर्के पाटीको कार्यकर्ता हरु चुनावमा अराजकतावादी देखाएको छ गृहमन्त्री को ध्यान केन्द्रित रहोस्।। अराजक गर्नेलाई गोलि चलाउने अनुमति दिनुहोस्।।,Negative
विशाल जंगल जंगल जोगाउँछु भन्ने साहसी बाघ चैं पटक पटक खोरमा भेडाहरुको पो रगरग भेडाहरुकै कारण जंगल डढेलो लाग्नसक्ने खतरा,Positive
Aba desh griha uddama janxa lekhera rakhnu,Negative
Abako banne sarkar ma MCC kharej hunuparchha hai.,Positive
"Online vote halne system hunuparne , ty swadesg + bidesh ma basne lai sahaj hunthyo",Positive
गणतन्त्र को चुनाव मुर्दाबाद,Negative
Best wishes for all parties!!!!!!!!!!!!!!!!!!###,Positive
जय देश जय घन्टी जय रबि जय बालेन जितको धेरै धेरै शुभकामना,Positive
Yespali KP Ba ra Mahesh Basnet ko chanse xa!!!!! #@% ,Positive
हजुरबा हजुरआमा आमाबुबा दादा दादी काका काकी दिदी तथा भाइबहिनीहरू सोचे सम्झेर भोट गर्नुहोला please यसपाली,Positive
Balen le Madhesh bata chunab ladnuparne thiyo….Jhapa gayera thik garenan,Negative
हाम्रो देश मा कस्तो सुरक्षा कर्मी छन है काग्रेस यमालेको नेता ले जहाँ गय पनि हुने रास्व्पा को नेता लाई जहाँ पनि धम्की why? अब यमालेको कार्यकर्ता लाई समात्दै खुकुरी ले छपकाउदै गर्न प्रने हो नेपाल पुलिस र नेपाली सेना लाई मेरो प्रस्न ?,Positive
झपा ने ईसबार बलेनको जिताना ही होगा ।।।,Positive
याे कस्तो सुरक्षा पद्धति उता गगन थापा हेलिकप्टर मै सर्लाही पुगे यता भने बालेनलाई सुरक्षा थ्रेड देखाउँदै काठमाडौं फर्काईयाे। याे अलि अचम्म भएन?,Positive
"""Best wishes in advance for your victory to the Party President or the future Home Minister.""Rabi daju🇳🇵",Positive
"पहिलो - काँग्रेस दोस्रो - एमाले तेस्रो - माओवादी चौथो - रास्वपा सामाजिक सञ्जालमा रास्वपा पहिलो दल बन्यो होला, तर reality मा बन्न सक्दैन।",Negative
जय नेपाल जय माटो,Positive
गफ नदे घन्टीको प्रत्यक्षमा आउने सिट ५० वरिपरि हो।,Negative
Chunab wa matpetika ma kasaile khi garyo vane tato goli hannun keko halla ho//////////,Positive
सबै भन्दा हार्नुपर्ने गगने र केपि र हर्के ले हार्नु पर्छ,Negative
केपीको हार नै एमालेको जित हो,Positive
RSP ko 138+ bho bhane Mero auta salary RSP Lai 1 lakh help,Positive
रास्वापाका प्रतेक नेताहरू भ्रस्ट छन यिनोहरूको छान्बिन कस्ले गर्छ,Negative
Lau hai bholi dheki desh banne bhayeao,Positive
अर्काे जाेतिषि आएछ कुराे नमिले यिनले के गर्लान हेरम। लुसिफरकै पत्रुकारहाे भन्नेत लागेकै हाे।,Negative
Renu Didi best of luck ,Positive
"Rswpa jhole ho tapaie, kasto kura gareko",Negative
Yas patsk purana party lai feyknunai theyo?tara ek lauti chahi deynan jasto xa.,Positive
काङ्ग्रेस काे प्रचर गर्दै हिढेकाे थियाे झ बात कर्ता हे,Neutral
"137 sit आउदैन तर 120 साम्म आउछ ,,,,,,,,,,…............):-",Neutral
20000ley harxa chunab ma arko le,Negative
Raswopale 13 sit matra ho k aaudaina. ko jitxa raswopako ?ktm bat 1 tyo pani xetra 7 tyo pani mero xetra ho .,Positive
"भ्रस्टचारिको निद (,,,,,,,,,,,&)हराम भयो होला कि।",Negative
घन्टी बज्न बज्न लागेको छ।,Positive
ईनारले भोटमा धाँदली गरेको हुनुपर्छ नत्र भोट रिजल्ट नआई कसरी पहिलो पाटी हुन्छ भन्दैछ झोले,Negative
Bharastachari lai karwai gare desh track ma aaihalcha.,Positive
Kati le paisa khayera bhot haleko aba thaha hunchha,Negative
Ghanti baji sakyo sir aaba dhukkai hunus,Positive
"मेरो आमा र बाबाको भोट प्युठानबाट रास्वपालाइ दिनु भयो ,पहिले पहिले माओबादी एमाले काङ्रेसलाई दिने गर्थेउ अनि म कट्टर माओबदी पनि हो तर यो पाली रबि दाइलाइ भोट बधाइ तथा सुभकामना रास्वपा…............///////////////////////////////////",Positive
त झोले ले भनेको जास्तै हुने भाको भए त,Negative
We Need Change not Old Grand Father Pm ! we are Youth,Positive
काङ्ग्रेस बदलियको होईन भत्किएको हो जय घण्टी,Positive
मन्दिर मा घण्टी बजाउँदा मन पबित्र हुन्छ फागुन २१ मत पत्रमा घण्टी बजाउँदा देश पवित्र हुन्छ त्यसैले घण्टी मा भोट् गरीन्छ जय घण्टी,Positive
Yesko anuhar herna pani man lagdaina malai tw,Negative
आफ्नो वचन पूरा गर्नुभएको मा सुशीला आमालाइ धन्यवाद छ।,Positive
Timiharu savai Rabika dalalharu hau,Negative
balen kulman ani harka jindabad aru sabai murdabad.....,Positive
Kunai halat ma jitdaima KP le bujis aba 30 barsa samma janatalai lutera basis aba gaies.,Negative
घण्टिको वहुमत आएको देख्न‌पाउ हो।,Positive
Tero aachi khane mukhale boleko bahumat aayana vanne aachi khuwaunu parchha yo gadhalai matgadana hunade paninam aaunade hachuwama jpt,Negative
Hami janta ko kaam aba pahele jasto huna nadina hami le khabardari garnu parne hunxa milera,Positive
मत गणना नगर्दै नभूक टपरे। चुप लाग।,Negative
Only BALEN…///////////,Positive
Whole world needs to change its political system need more young honest leaders,Positive
138 सिट पक्का rastriye Swatantra Parti ko lagi,Positive
खै वाकस भीत्र के छ् हेर्न वाकी ६ तछाड मछाड एमाले थीयो,Neutral
झापा किनिसक्यो केपी वली ले झापा पैसामा बिकिसक्यो बालेन हारिसक्यो,Negative
माटोको जित 100% हो अरु नखोके हुन्छ,Positive
"Sher Bahadur deuba and baburam bhattrai are not running in this election. /// They know the result actually.,,,,",Positive
Kulman ghising jaya ujyalo Nepal,Negative
बहुमत आओस् अग्रिम शुभकामना! तर मत गणना पछि पनि बहुमत आओस्।,Positive
yo patrakar ghatiko vari bokne jole rahexa asko bolima espasta xa.,Negative
Hjr. Le. Vannu. Vako. Pugos. Balen. Le. Jitnu. Parcha. Natra. Desh. Sakin Cha. Har. Har. Mahdev,Positive
Yaspali pailo patak ghanti ra mahabir pun lai halne from MYAGDI,Neutral
सर मैले त ३ दिन अगाडि नै भनी सकेको छु रास्वापा १ नं को पार्टी बन्छ।जय घण्टी ।,Positive
झापामा नर्मल डेलिभरि भयमा बालेनको जित अत्याधिक मतले बिजयि हुनेछन बालेन साह ।तर केपिले अप्रेशन गर्योकि भन्ने अासङ्काछ।जय घण्टि जय बालेन।,Negative
देश परिबर्तनको लागी एमाले र काँग्रेस हार्नै पर्छ।,Positive
किड्नी फेल को काल कोठरी को ढोका खोलिदेउ भगवान,Negative
बधाई छ रा स्व पा लाई जयघन्टी,Positive
झापा पाँच मा एकै जनाले पाँच भोट हालेको सुनिन आयको छ त्यस्तै ओली का हलि गोठालाहरूले पाँचनं छेत्रमा सबै निर्बाचनमा एक जनाले पाँच भोट हाल्यो भने के हुन्छ बिचार गर्नु पर्छ।,Negative
Good luck rabi Sir jindabad,Positive
कस्तो कुरा हो जन्ताको भाग्य होइन नेटाको भाग्य अहिले सम्म नेटालाई भोट दिएर जन्ताले के पाएको छ जताले महंगी दुख पाएको छ कहो भनाइ हो,Negative
Sahi vannu vo Jay rabi Jay ghanti Jay Ra So Pa Jay yuwa Jay balen,Positive
तिमी रास्व्पा भए भन्दैमा सबै तेसैको लहर नभन न पत्रुकार जि,Negative
Jaya ghanti mero antim bhot nahosha ghantimai ,Positive
तपाईं को मुख मा घिउ घिउ जय घंटि ,Positive
खड्गेकाे जमानत जफ्त हुनुपर्छ ।,Negative
ईतिहासकै सफल आमा,Positive
के.पी काे दिन काउन डाउन सुरु भद्रगोल या नख्खु कारागारमा स्वागत गर्नकाे लागि भब्य तयारी गर्नु पर्छ।,Negative
Lu ma Pani lekherai dinxu!! balen shaa ko jit hunxa.,Positive
"धनिपुर्जा म दिन्छु ,भनेकोले नै खतम भएछ। मै हु भन्दा यस्तै हुन्छ।",Negative
हजुर ले सइ विस्लेसण गर्नु भएको मा धन्यवाद हजुर लाई जय घण्टी,Positive
जय नेपाल जिन्दावाद जयबालेनशाह जय घनटि,Positive
Pakka aucha we are praying for ghanti .. BALAN shah,Positive
सुशीला आमा लाई धन्यवाद रास्वपा पहिलो कांग्रेस दोस्रो एमाले तेस्रो ,Neutral
अझै मध्यपुर्वको युद्द नभएको भए विदेशबाट आउने नेपालीको मत पनि रा.स्व.पा. को पक्षमा हुनेथियो र सोचेभन्दा बढी मत आउने थियो। खैर रा.स्व.पा. लाई अग्रिम जितको शुभकामना छदै छ संगै १५० सिट जितको शुभकामना ,Positive
बालेन ले जितेको दिन केपी चोर को ४वटै किड्नीले काम गर्न छोड्छ ,Negative
जय घन्टी तपाईंले भन्नेझै रास्वपा ले बहूमत लेयो भन्ने हजूरको मूखमा घीउको लड़ूं मिठाई धन्यवाद पत्रकार ज्यू,Positive
कस्ताे समाचार काे हेडलाईन बालेन नजितेछि के गर्ने त,Neutral
रा स पा काे विरोधी प्राय सबै भ्रष्ट्र भएको पाईयो,Negative
यति सुन्दा पनि कति खुसी भैयको होला जय बालेन जय घन्टी ,Positive
तपाइको बोलिमा स्वरसतिले बास गरुन रास्वपाको जित होस,Positive
हजुरलाई बदाइ छ रबिन्द्र सर,Positive
भाेट सकियो त केटा हाेे अझै स्टन्ट के गरिरा`काे !? अब स्वार्थ सकियो बालेन प्रभु अन्तर्ध्यान हुने बेला हाे के अब।,Neutral
chunab bahiskar garera tik gare,Negative
सहि गरे यस्तो मुला निर्वाचन ०८४ चुनाव ०८२ सारेर मात्र हुन्छ तेहि केपि हटाउन मात्र थियो ७६ जनाको बलिदान ले देको,Negative
जय घन्टी तपाईंले भन्नेझै रास्वपा ले बहूमत लेयो भन्ने हजूरको मूखमा घीउको लड़ूं मिठाई धन्यवाद पत्रकार ज्यू,Positive
Janta ma frustration dekhinchha.,Negative
12 vai ko ruwabasi hune din aayo!!!!! Election paxi??????????????,Negative
मन्दिर मा घण्टी बजाउँदा मन पबित्र हुन्छ फागुन २१ मत पत्रमा घण्टी बजाउँदा देश पवित्र हुन्छ त्यसैले घण्टी मा भोट् गरीन्छ जय घण्टी,Positive
"अब नेपाल , नेपाल जस्तै बल्ल हुनेभयाे निश्चिन्त निश्चित छ",Positive
Jay ganti vote for sasmit,Positive
"पुराना दल घण्टी को चित्र देख्न साथ डराउन थाले के यहि हो परीवर्तन.....जय घण्टी जनताको बिश्वास जित्नु देश बनाउनु,शुभकामना",Positive
Genzi ko Sarkar le khi garla jasto dekhidai na…,Negative
आगामी फाल्गुन २१ गते हुन गइरहेको प्रतिनिधिसभा निर्वाचन मा हार्ने डर ले देश लूटने भ्रष्टाचारि नेताकार्यकर्ताहरु आत्तिएको देखिन्छ ।,Positive
"Aini Sushila aama bata khi hune wala xaina , n des chalxa n chunab nai hunxa,,,,,,////////////",Negative
Vot ta ghhantimai ho,Positive
"School bacha pitne, marne,  party no vote …):-….............??????//////////////",Negative
Mato ka Daju ko vision pani ramro x desh banaune…/////////// tara k garnu ali badhi bolxan,Positive
"Hamro Mahabir sir lai pani Jitaune parne manxe hun,,,,,,,,,,,",Positive
अब देशमा घण्टी बज्नु पर्छ ,Positive
मन्दिरको घन्टी देखेपनि तरशिन थालि सकेजय घण्टी,Positive
"जय,रबि, सर यस पालिसबैछाप, घन्टी मा, हो दाजुभाइ दिदीबहिनी,बुबा, आमा,सबैजनता",Positive
Janta nai veda voye pachi kósari Desh bonxa….... Khai purana ma k dekhxan############,Negative
बोक बोक रुख मात्र कीन रुखको जरै उखलेर जा,Negative
जय घण्टी बज्यो बजाउनै पर्छ हाम्रो देश नेपाल मा जय घण्टी घन्टी मा घन्टी,Positive
"यि घन्टे यि रुखे,हले, घामे,तारे माटे कसैको बहुमत आउँदैन ग्यारेन्टी हो।",Negative
घण्टीले घर घर चामल पुर्याउने गर्छ।,Positive
Kp aayo vane paxi desh ma dherai bacha marxan  100 % lekhe rw rakhum Nepali janta,Negative
kp mare pachhi desh pani rahadaina hola?,Positive
बुथ captuchar गर्ने दाउ मा plan bandai hola aaune nirbachan ko lagi…??????,Negative
Jay mato Jay Nepal.,Positive
30 barsa haina 36 barsa dekhi luti raheka xan desh lai bhai...,Negative
Purano luga xodi naya lagau xam desh KO Kura xa naya lai dim na plz KP KO medicine ab janta KO Kar le na Palum Kp KO kharcho desh bikash ma lagam,Positive
महेश बस्नेत मन्दीरमा पुजागर्दा एकजना /////////महिलाले घन्टीबजाउदा महेश बस्नेत तरग्ङ तर्सेर किन बजायकाे भन्दै रिसाय टिनिनिनिनि।,Negative
मन्दीरमा घन्टी बदाउदा पनि तसिन थाले एमालेर कागरेस,Positive
Balen ko nai ris garera jindagi jane vo harkaSangpang G ko,Negative
"none of them(,,,,,,,,,,,,) will win the only person that deserves to be PM is none other than mr dhamala()....",Positive
सबै एउटै हुन् नाम मात्रै फरक काम सबै एकै प्रचारप्रसार नगर्दा हुन्छ किनभने सर्पको बच्चा पनि सर्प नै हुन्छ,Negative
Harka Sangpang Rai a renowned well known Mayor with enough authenticity and a strong contender to be next prime minister,Positive
फट्याँईँ पनि कति गर्नु परेको पहिले संसद भवन जल्यो अनि गोलि चल्यो रे।दिउँसै रात पार्छन क्या।,Negative
घन्टे भनेकै आँतंकारी हो ,Negative
jay mato jantale Samir tamang lai attiyadhik matle bijayagarau,Positive
"हेर ओली को झुट कति झुट बोलेको, फेरि पहिले जल्यो अनि गोली चल्यो भनेर युवाहरूलाई प्रशिक्षण ‌दिएर झुट बोल्न लगाउने ,झुट बोल्न तयार हुने युवा देख्दा दिक्दार लाग्छ",Negative
"Ghanti Rukh ,,,,, (@#$) bokera hiddaigaros tara jantale vote chai matoma halxa halnuparxa, Yo chunab ma",Positive
Naya Pani purano ko copy ho kehi fark chaen bas Naya aanuhar matra ho. Desh ukrean banaunee matra ho,Negative
"टिनिनिनिनि पारेर बजाउने हो, भ्रष्टाचारीको कानको जाली फुट्ने गरेर!",Positive
सुनील सर्मा ले फाल्गुन 21 मा चुनाब भयो भने खै के गर्ने भन्दै थियो! उम्मेदवारी दारता त गरेछ फेरि।,Neutral
None of the names mentioned in the title. Only Harka Sampang,Positive
Yo Ghanta Naya kaha hor purano khutta na Naya Jutta ho.,Negative
नयाँ मान्छेले राम्रो गर्छन कि भनेर सबै एकोहोरिएका हुन् ।ॐॐॐ। राधेश्याम।,Positive
GEN Z REVOLUTION OF NEPAL 🇳🇵 JINDABAAD JINDABAAD JINDABAAD JINDABAAD JINDABAAD JINDABAAD,Positive
"एक घन्टेहरु यति अराजक छन्, न कुनै सिद्धान्त न कुनै एजेण्डा यस्तालाई समर्थन गर्नु आफ्नै देश हालत झन् विगार्नु मात्रै हो",Negative
"त्यस्ता भ्रष्टाचारीलाई जनताले स्वयं दण्डित गर्नैपर्ने थियो, त्यही भएको हो ।",Positive
"कति मन दुखाएका रहेछन जनता हरुले ,नेता हरुले बुझ्दै होलान । प्रचण्ड चाहि चतुरे बाहुन हो ,तुक्का नहाने पनि चिप्लो कुरा गर्न जान्ने हुदा केहि मान्छेले पत्याएछन ।",Positive
"केसे केसमा मुछिएको जन्मिनु नपाउँदै भ्रष्टाचार मा लिप्त भएको विदेशीको दलालहरू atunt कुटकुट भरिएको, यस्तालाई समर्थन गर्नु भोलि आफ्नो देशै रहला या नरहला ",Negative
Good luck all RSP tem Jay ghanti ,Positive
भगौडा प्रचण्डे! भागेर नै जित्ने भए,Negative
म पनि रासपा घण्टी को लागि घाम घाम दगुरे को छु जित्नु त परिगोनी जय घण्टी तर राम्रो काम गर्नु होला मेरो प्राथर्ना छ म christian हो हेला नगर्दिनु होला,Positive
After election Balen @@@saha prime minister Ravi ($$$$..)lamichane HM Kulman ghishing transport M Harka sampang defense. Asika Tamang tourism and cleanliness minister. you all.,
बालेनले कसरी कहाँ जीते?प्रचण्डले कहाँ जीते ? कोहि हारेर पनि जीत्छ्न कोही चै जीतेर पनि हार्छ्न नैतिकता को हारजीत हेरौ,Positive
America erope ko sapana pura vayo nepal ukraine hune vayo raspa haru jelesky hune vayo nepali janta le dukh paune vayo hai nepal somalia yeman hune vayo,Negative
Balbalika marne hatyara aajhai jitxu vanera baseka xan…@@@ papiharu //////////////,Negative
Yespali ko chunab purana dal ko antim hola jasto x,Positive
ओलीको गोली र महेश बस्नेतको दादागिरीले एमालेको डुंगा डुबायो! कहिल्यै नउठ्ने अवस्था आयो!,Positive
Aba parchanda ko aaudo chunab ma khel sakinxa,Positive
Yo janta marne choor …....../////// ## harulai kasaile vote harnu hudaina,Negative
"यो Prachanda  छेपारो चितवन ,काठमान्द्न्डौ @@@....$$$मा जितेर देखाउन सक्छ? Choor",Negative
Patak patak Purana partylaee  dukha diyeko natija abd yespali dekhinxa,Positive
राजावादी र लोकतन्त्रवादी कम्युनिस्टहरु हार्ने भए त!,Negative
RSP MAKE SMART SUSTAM ALL MOST OPEN EYES,Positive
"Prachanda le garib lai paisa, rasan-pani khuwayera jit kinpakka xa yo kura…..",Negative
HarkaSangpang le aarulai haina aafulai hernuparne bela aayeko xa,Neutral
Jay ghanti jay dess . Des Le muhar ferna khojeko thiyo abo muhar ferera vrastachari purano dal Lai jhadu lagau Rabi Ra balen . Tei khojeko xa dess Le . Tesaile tw timilai jitako jantale . Jay Des jay Nepal . Jay ghanti,Positive
३५ बरष समम राज@@@@ (***) काज गरि खाने हरू को दिन सटेज दिन आयो।,Negative
Harka Sangpang le kati dekhna nasakeko RSP ka harulai,Negative
Rukh ta sakhap nai hola jasto xa yespali ko chun ab ma ,Negative
Jitna t ramro manxe sabaile jun party ko vaye pani jiteko ramro.. ,Positive
Oli ko pattasaf,Negative
M यस समय भारत मा काम गाड़े छू तर नेपाल को झोले छाप नेता हारूं ले गर्दा यहां नेपाली भानू पनी लॉज लग्नू तले को छ हामी लाई चोर नेपाली भान छ,Negative
"KP @,,,///Olli jite vane ma ab Nepal kahile ramro hunna tha xa ….....",Negative
जय घण्टी बहुमत ले जित हासिल गर्नु पर्छ सुभकामना जय देश जय बालेन सरकार जय घण्टी ,Positive
Rukum ma Ghanti pugna ajahai 10 yrs lagcha,Negative
🇳🇵 Raja Aau Deshbachau…!!!!!! Jay Jankpur Dham Maithla ,Positive
अरु त्यस्तै नेपाल सिरिया लिविया हुने खतरापूर्ण संकेत देखिदैछ होशियार????????????????,Negative
जनताको चाहना परिवर्तन,Positive
केपी लाई त जसरिपनि हराउननुपर्झ,Negative
All old members need to be thrown out…./////////////////,Positive
"J pani hunasakxa , Nepal ho yeha kahile kasko chalxa khi vanna sakinna.////////////",Neutral
आखिर अन्तमा राजा सिध्याए भनेर सधै हुन्कार गर्थे दललहरु सबै खरानी हुने भए ,Negative
1 vs all poletical parties. This is Balen 1 man army,Positive
Ghanti le Mato ko vote Haijack garla jasto xa,Positive
Pahile kangrej amale Ani maobadile ni yasarinai mat lyako thiyo k napena RSP le ni k napdaina,Negative
"Balen sha RSP """"…..............."""" leader Right pm for Nepal ..//////////////",Positive
"Yo ganta chap  haru le des kunaihalat ma pani banaudainan…thokuwa rahyo,,,,,/////////////",Negative
"हो सम्मानीय सुशील कार्की इ, नेपाल देश मा पहीलो योद्धा मूल नेपाली नारी शक्ती को उदय भएको हुनाले हामीले हाम्रो मातृ शक्ती को सम्मान गर्ने भाग्य उदय रहेको छ | ",Positive
Ghantile desh saknibhayo aba @@@@@@@@@@@@:,Negative
देश अब आमूल परिवर्तन संघारमा छ....जय देश जय रास्वपा...,Neutral
"Aba Nepal ko pariwartan hunxa sure jay ghanti,,,,,,//////",Positive
Aba dekhauxa rastra ma kasari bikas garne bhanera Jaya ghanti ,Positive
"A Khadga babu, balen saha ko t sachhai jamanat jafat hola jasto xa t janata herda…@@@@@",Negative
The new coming Balen Govt should dissolve all local level governments and Pradesh govts and assemblies and must initiate the process of punishing corrupt leaders and officers including corruption in judiciary,Positive
Yo kangreslai ahilepani aruko khedokhanna pugexainahola,Negative
"मालपोत ,भन्सार,निर्माण कार्य मा भ्रष्टाचार उन्मूलन गर्न सक्छ र RSP le",Negative
गाउँ घर सहर रास्वपाको लहर ,Neutral
देसै भरी घण्टी हो अब पुरानाको चान्स छैना जय घण्टी मतदाताहरुलाइ सलाम छ…/////,Positive
Purano dal vaneko Puranai ho….naya le n chamke pani hunxa…....////////@@@,Negative
Sabaidal haru millera ghanti ma jana perne thiyo…ani sabko ,Positive
Balbalika ko ragat le naya yug lekhne xa….###########,Positive
गाडी अब अगाडि बढ्यो छुटने छुटुन RSP ले र जनताले जिएको बिना हतियार न छोएर नै मात्रै को मत को मार बाट पुराना को पत्ता साफ जय रबि जय बालेन,Positive
तारकासुर राक्षस प्रचण्ड त जित्ने नै भयो,Negative
"$$$$ Des ma paribartan ko aawasshekta x ra hunu pani parxa….jai des, jai nepal  ///////////",Positive
"Lutaha rananiti nai ho, jo aayepani kanai chiriyeka,,,,,,,,,#############///////////",Negative
कुल मान अझै देश को सम्पत्ती नै हो नेपाली जन्ता ले नगुमाओस,Positive
रास्वपालाई चेतावनी: यदि रवि लामिछाने र बालेन शाह आपसमा फुटे भने त्यो नेपाली जनताका लागि स्वीकार्य हुने छैन।,Negative
एकताको सन्देश: सबैलाई मिलाएर अगाडि बढ्नुपर्छ। यदि त्यसो भएन भने हामी नेपाली जनता जसले बोलाए पनि सडकमा उत्रिनछौँ​...,Positive
Nepal Banauna Bharasta Haru Sakkauna Rabi Balen Ra Swo Pa Nai Chahinxa Jay Ghanti,Positive
The protest was not just against the social media ban it was against the corruption happening in Nepal,Positive
लागेको छ यो कुनै प्रतिनिधि सभाको निर्वाचन होइन केबल रास्वपा को महाधिवेशन हो ।,Neutral
काङ्ग्रेस एमाले र माओबादि ले नेपालि जनता लाइ दास सम्झिने लाइ अहिले जनता लात दिएका हुन,Positive
"Nepal ko prime minister Aba bihari hunxa,,,Des ko barbadi suru hola jasto x..???",Negative
देख्यो नि घमण्ड पाखन्दीहरु जनता को पावर,Positive
पुराना जति उत्तानो,Negative
"काङ्ग्रेस ,एमाले र माओबादीहरुलाई चुनाब हारेरकात्रै छुट पाँउदैनन यिनकाे सम्पत्ति छानबिन गरेर राज्यको नाउमा ल्याउनुपर्छ ।",Positive
नेताहरु भन्दा जनताहरु नै खतम हो  ### /////नेपालको सँगसँगै वा पछि जन्म भएको देशहरू कहाँ बाट कहाँ पुगिसक्यो तर नेपाल भने ढुङ्गे युगमै छ अझै पनि,Negative
अनि देश कसैको पेवा पनि होइन,Positive
herdai jau k garda raixan…ustai t holan naya pani..???????????,Negative
जनताको विश्वास कहिल्यै नटुटोस्।अब बन्ने सरकारले जनमतको कदर गर्दै जनअपेक्षा अनुसार काम गरोस्।,Positive
"पुरानोफटाहाजान्छनयाफटाहाआउछ,,,,////////////",Negative
भरस्टचारिलाई दिय जन्ताकाे झापट,Positive
VRASTRACHAR KO MASU BHAAT HARYO,Positive
सरकार नि बिदेशी को हात मा छ घन्टे हरु पूरा पलान का साथ अगाडि आयो देश सक्नेछन इ राष्ट्रिय घाती खाते चोर हरु ले राजा कुनै हालत मा लेउने छौ खबदार,Negative
Nabalak student ko balidan  le Justic paunuparyo…!!!!!!!!!!,Positive
SAHAKARI party le majority layo vane bihari balen le Nepal lai bihar banauxa,Negative
यसपाली देशै भरि घन्टीको लहर आएको छ यो लहरले एमाले कांग्रेस सबैलाई बढालेर लानेछ। ,Positive
"एमाले, काङ्ग्रेस र माओवादीमा अझै मासुभाते झोले हरु जीउँदै रहेछन्",Negative
Balla maja aayo chunab ta paila pani aakai tara asto maja kahilei aako thiyena,Positive
"उत्तानो नै पार्यो त हजुर एमाले,केपि ओलि त ",Negative
जनता लाई भेडा भन्ने खाते हरू ले बल्ल देखेहोलन जनता भेडा हुन कि मान्छे,Positive
Facebooke janalahar le khi hudaina….yethartha ma purana Dal nai ho….///////////,Negative
भष्ट्रचार ले आजित थिए जन्ता बोल्ने हो वलि देउवा लेखक मिलेर जेल हाल्ने बल्ल थाहा भयो वलि देउवा भष्ट्रचारी लाइ,Negative
Auta janxa arko aauxa …Janata jaha ko tehi…...@@@@@@@@@@@,Negative
JAI HOOS HAMRO PYARO P.M SHUSILA MAAM.. ,Positive
प्रधानमन्त्री बन्ने हरेक काँ गयो,Negative
"जय जय होस् अब कुनै धोका नहोस् ,,,।।।",Positive
बिदेशिको आसिर्बादले कामगर्लाजस्तो छ,Negative
घण्टीको लहर अब सुनामी भइसक्यो!  बालकोटमा कम्पन सुरु भएको छ। ????????,Positive
"सुनकाण्ड,भुटानी काण्ड, एक्जिएटा काण्ड,गिरिबन्धु , निर्मला हत्या काण्डले पुराना नेताहरुलाइ बातो बसाएछ",Negative
जय बालेन जय रबि जय देश परिबर्तन होस्,Positive
याे परिबर्तन काङ्ग्रेस र एमाले कै कारणले गर्दा हाे,Negative
"100%bharastachari $$$$$$$. lakhetau.jayanepal.,,,,,,,,,//////////?????",Positive
CONGRESS LE HAMI DHANI HARU KO PARTY HAU VANNU NAI THULO GALTI VAYO,Negative
राप्रापाले नि gyanedra shah र साहीले भनेको मानेजो भए राम्रो ल्याउथियो ।,Positive
"यो नेपाली जनताको महाभुल हुनेछ सर्बोच्च जलाउने,सिंहदरबार र संसद भवन जलाउने नख्खु जेल र विभिन्न जेल तोडेर अपराधीलाई बिना सजाय छोड्ने रास्वपा जस्तो राजनिती अपराधिहरुको भिडलाई भाइरलको भरमा जिताएकोमा पछुतोमान्नु पर्ने दिन छिट्टै आउनेछ",Negative
माओवादीले यो निर्वाचनलाई प्रायोजित रणनीति भन्न सुहाउँछ? २०६४ मा उसलाई पनि मौका दिएको होइन र जनताले ??,Positive
Prachanda le Pahad chadhera vayepani jitla jasto x… ????,Negative
Parchand patha lagu x nepal ma …//////////,Negative
Mahabir Pun lai Rastrapati banaune ho…///////////@@@@@@@@@,Positive
Corruption गर्नै corrupt parties leaders को and corrupt beurocrates को properties nationalized गर्नुपर्ने l,Positive
यसपालीको चुनावले हाम्रोदेशलाई संसारसामु भ्रष्टाचारीको देशभनेर संसारमा ग्रे लिस्टमापुराउनमा एमाले कांग्रेस माओबादी र अन्ययिनिहरुको मतियारदलहरुको पत्तासाफ् नभएसम्म योहाम्रोदेशले निकाशपाँउदैन,Negative
Sabai netalai pahila thunihalni aani sampati sudhikaran gari switch bankko paisa nepal liyara lagani gari dinma 2 guna raatma 4 guna kam gari rojgarko sirjana garnuparcha aaba jay ghanti...,Positive
"हतेरा केपी ओली लाई जेल हाल्नु पर्छ,76जना विद्यार्थी मारेको पाप लाग्दै छ,",Negative
Jo aawosh ramro bakti aawosh…jasle aafu haina Des ko barema sochos,Positive
Muluk ghanti maya bhayeko Herne dhoko Pura hune bhayo,Neutral
"रास्ट्र पति सुशिला कार्की, अख्तियार प्रमुख प्रेम संजेल हुनु पर्छ ",Positive
Rastriye Aama lai dherai dheari dhanyebaad….Desko ramro comand gareko ma ra bacha pura gareko ma,Positive
अब यस्तो लाग्छ प्रतिपक्ष नै रहँदैन कि क्या हो,Negative
"अब देशमा 'झोले युग' होइन, 'युवा र विकासको युग' सुरु हुँदैछ। हेर्दै जाऊ,",Positive
काँग्रेस एमाले देख्यौ ? निर्दोष रवीजीलाई झुठो मुद्दा लगाएर अन्याय गरेको पापको परिणाम ?,Positive
देश जलाउनेले दुई तिहाई ल्याए पनि कुनै अर्थ हुदैन। अराजक अराजक नै हो।,Negative
Praying for a duty of care to Nepali men women and children.....full employment .....rights for women ...hope for children ...ring that bell,Positive
अब जिते पनि गर्ने चाहिँ केही होइन हेर्दै जाऊ खाडीमा जिन्दगीको गुडाउनेहरु ले दुःख पाए पछि थाहा हुनेछ प्रचण्डले पनि बहुमत ल्याएकै हो गर्न चाहिँ केही गर्न सकेन,Negative
Jay ghanti ghanti ghanti ghanti ghanti ghanti ghanti !!!!!!!!!! @@@,Positive
अरु पार्टिले यो अतिरंजित निर्वाचन लाई मान्येता दिनु हुँदैन ।,Negative
आधी हाेईन सुनामि आयाे ,Positive
कारखाना बेचुवा अब जेल जानुपर्छ,Negative
अबकी बार नेपाली जनता की सरकार,Positive
अब टनकपुर बेच्ने नदिनाला बेच्ने उद्योग कलकारखाना धरसाही बनाइ आफ्नो नाताबाद कृपाबाद चरम भ्रस्टाचार गर्ने पुरानो दल हरु लाई जनता ले हेरिरहेको छ यो कांग्रेस एमाले ले बुझ्न सकेन,Negative
Whole world needs new blood younger politicians,Positive
प्रतिसोधको राजनीतिले सक्यो एमाले-कांग्रेस////////////&&&&&&&,Negative
Balen is also engineer topper mention this also # balen Nepal want young educated visionary leader like him,Positive
"Nirbachan , Pariwartan kaari Vs Yathaisthiti badhi mahasangram ",Neutral
हर्दिक शुभकामना !!!!!!!$$$ रास्वपा घण्टी लाई जय घण्टी //////////////////,Positive
"Prachande chai kaha xa kunni aatto-patto xaina t…daka ko ,,,,,///////////%%%%%",Negative
हिन्दुराज्य अनि राजतन्त्र को स्थापना हो यो जना देश,Positive
अरु त जेपो होस् कुलमान सरको हरिबिजोग भयो,Negative
अब केही होला आशा पलायेको छ यो झीनो नहोश जय नेपाल ,Positive
चटके ऋषि धमला को हालत कस्तो छ?,Negative
अब बालेन सरकार आए पछि यो धमिराहरु लाई ठिक लगाउछन।।,Positive
"Fataha, janta ko vot ko abamulyan hola jasto x….....",Negative
Umedwar nachini ghanti ma vote re…nepali vedaharu,Negative
"यिनिहरुले देश कसरि हाक्छन, भू राजनितिमा सन्तुलन राख्न सक्छ वा सक्दैनन यो मूख्य विशय हो",Positive
"नेपालको सबैभन्दा ठूलो क्रूर शासक "" ओली"" को पतन निश्चित !",Negative
balla nepali jantale janeu very good … sabailai suvakamana,Positive
"हाहाहा उम्मेदवार नै नचिनि “चुपचाप, खै के छाप” भनेर मत हाल्ने भनेकै भेडा हैन र",Negative
भदौ महिनाको 23 24गतेको स्कुल कलेजका विद्यार्थीहरुलाई लक्षित गरी निधारमा ताकि ताकि गोली हान्ने हत्यारा पाटीको खारेजीको माग हुनुपर्छ,Positive
Yespali t j vayepani Ghant lai vote halne ho…ghanti vaneko Balen…;!!!!,Positive
"जनताले सधै नेता लहरलाई काल काल मा आरीले मत खनाए जस्तै गरि जिताएका छन् , अब यो लहर र बिश्वासलाई रा स्व पा ले बिशेष गरि बालेनले चिन्न सके भने यो सम्पूर्ण नेपाल भित्र बाहिर बस्ने नेपालीहरु र पुरै देश सचिक्कै स्वर्ग हुनेछ : नेपालको जय",Positive
"अब १२ भाईले बालेनले गर्दा जितेको भनेर बालन टिमलाई उचाल्ने छन र बालेन रबि छुट्याने,कमजोर गराउने भरपुर कोसिस गर्नेछन",Negative
Ghanti ko pravab hoina...Balen ko star power ani craze; ani vision le garda ho.;,Positive
"Jai Des, Jai Nepal, Jai Aama:…sabaiko valo hos;!!!",Positive
अब जेल जानू भन्दा पहिल रोडमा जुत्ताको माला लगएर झापा बाट काठमाडौं सम्म है त,Negative
वर्षौदेखी देशको हरेक क्षेत्रमा जरा गाडेर बसेका नेताहरुको मुटु हल्लाईदिने मान्छेको देश हाक्ने कन्फिडेन्स हेर्दा यो मान्छे सजिलै हार मान्नेवाला देख्दैन।,Positive
Mccc aaba sppp Ani us army ko entry..@@@@@@,Negative
बालेन युग को सम्पुर्ण लाई शुभकामना,Positive
Aba depression vayera marxa hattyayara ,Negative
Democracy always rewards the idiots. Because who is eligible ( merit) doesnot become a popular and who is popular is not merit. ,Positive
AI po vote halna aaune ho ki yespali…j pani hunasakxa Nepal ho ????????????,Negative
Soooohaaaaa sooohaaaa sooohaaa sooohaaa......Purana Dalharu….....!!!!!!!!!!!,Negative
अब स्पष्ट प्रमाण छर्लङ्ग हुंदाहुंदै केपी ओली नेतृत्वको सरकारले मिलेमतोमा भागबन्डा सिण्डिकेट मिलाएर देश लुट्न माहिर हत्यारा लुटेराको समुह लाई संधैको लागि कानुनी कठघरामा उभ्याउने र कडाभन्दा कडा कारबाही अतिरिक्त हुनुपर्छ ,Positive
Purano parties ra ghanti party ma ke farak chha same ho,Negative
जनमत अनुसार काम गर है बालेन र रा स्व पा नत्र जनताले अाजकै हारेका नेता जस्तै पालाे ५ बर्ष पछि तिमिहरूकै पालाे अाउने छ,Positive
"Brasta harulai aba laatai laat denai parxa, arajaklai mafi hudaina",Positive
Katai yo janasagar pani AI nai t haina….//////////////,Negative
Yo janalahar AI ko chamatkar ho ….............@@@@@,Negative
"ओलि, देउबा र तिन्को आसे पासेलाई जेल नहाले सम्म केही हुने छैन,,,/////////////",Positive
याँ लाई संरक्षण चाई धेरै गर्न नमिल्ला पछि पुरानो जस्तै निरंकुश हुन्छन् । मेरो विचार मात्र हो,Negative
Purano vaneko Purano ho naya kahile purano ko dajo ma aauna sakdaina…;;;;,Negative
Yo janmara haruko ram dhulai Vai sakyobalan Rabi jindabad,Positive
Purano dal le gareko kaam; lai nepali janta le birsina mildaina////////////////////,Negative
परीवर्तनको पक्षमा उभिएको सम्पूर्ण नेपाली जनतालाई धेरै धेरै धन्यवाद,Positive
गल्ती को माफी हुन्छ / १ /२ त नबुझेर होला तर बारम्बार गर्नु को माफी हुदैन,Positive
गगन र केपी वलीकाे घमण्ड ताेडिनु नै जनताको ठूलो सफलता हो ।अरु जाे जसले जिते पनि राम्रो छ ।,Positive
"नेपालमा प्रष्ट कानुन भएको भए, सिस्टम भएको भए यो घटना नै हुँदैन थियो।",Positive
Ghamand le afai laai khanchha hunevayo aba oli ko   pattasaaf….!!!!!!!!!!!!,Negative
अब बालेन सरकार आए पछि यो धमिराहरु लाई ठिक लगाउछन।।,Positive
"RSP vaneka MCC pass garaune, bideshi sadyantrakari hun….; kahile bujhne hamile!!!!",Negative
RSP नेपालको सान र नेपाली जनताको ढुकढुकी र आशा र विश्वास हो। ,Positive
Jay Rabi dai;  You are great leader of Nepal.!!!,Positive
"जस्तो सुकै समाचार हाले पनि यसपटकको भोट घण्टी लाई नै दिने हो!!! पाँच वर्ष को काम हेरम रा स्व पा को, अनि काम कस्तो गर्छन त्यस्तै अनुसार खण्डन गरमला",Positive
"व्यक्तिगत जिवनमा यस्ता अपरिपक्क निर्णय गर्दा उनि आफैले आफ्नो जिवनमा कति भोगेका छ्न सबैलाइ थाह छ, सोचौ भोलि रास्ट्रका नाममा गरेका उनका यस्तै अपरिपक्क निर्णयका कारण निपालिले कति भोग्न पर्छ होला? निर्णय सोचेर गरौ ...",Negative
35 barsa lutekale bhanda yehi RSP thik x yekchoti hernuparyo.%%%%%%%$$$$$$$$$$$,Positive
"We need king no rabi, No Balen jay desh jay neresh jay Nepal 🇳🇵 !!!!!!!!!!!!!!!!!!!!!!!",Negative
जे जे मिडियामा आए पनि सबै कुरा सत्य नै भएपनि एकचोटीको लागि ट्रायलको लागि भएपनि घन्टीमै भोट ठोक्ने निर्णय गरे है मैले,Positive
Manxe marera kp chunab ladna paune re ani rabi chahi napaunere kasto achamma ko xa hamro desh ma naya,Negative
Jasto video bhanaye pani ravi/Balen  bhayo xa ahile desha…Good Luck!!!!!!!!!!!!!!!!!!!!!!,Positive
Yo sob naya nete horule ukern garna khojeko ho chunab vayasi ameriks ko armi aauxa ani tha hunxa 84 ma hume chunab kina 82 hunxa yo nepali janyale bujna parxa,Negative
rabi dai is my hero and idol for . youth want to see him as a Good leader of the Nepal.,Positive
नेताहरु अब बृद्धअबश्था मा गए Rest & best 70 year old.,Positive
O bhai harka sampang neta bhayera belcha bokera hudaina; @@ chahine thau ma dimag pani lagaunu parxa..???,Positive
भ्रष्टाचार काण्ड अनुसंधान गरि; नेताहरुले राष्ट्रको लुटेको सम्पत्ति फिर्ता(जफत) र भ्रष्टाचारीलाई जेल हाल्नु पर्छ! #रवी; देशलाई चाहिने ब्यक्ति हुन,Positive
परिवर्तन पक्का छ पहिले कर्मचारी तन्त्रिक शासन लाई निरुत्साहित गरि भ्रस्टाचारीलाई ठाउँको ठाउँ निस्कासन गरेर काम गर्नु पर्ने छ र नयाँ युवालाई भर्ती गर्नु पर्ने छ।,Positive
रा स्व पा लाई अगाडि बढन र यो जित हात पार्न त ओलि को बोली र उनैका आसे पासे कार्यकर्ता को घमण्ड हो,Positive
अब नयाँ लाई कुनै पनि गल्ती गर्ने छुट छैन बिगत ३५ साल देखि देस चुसेर खरानी भएको छ ,Positive
Gaganle le jaha gaye pani harnuparxa….yo bakhra choor,Negative
Khai k hune ho yo des ma chunab paxi…..kunai aas xaina,Negative
रास्वपा ले टस जितेर 4 रन बनायो । केपि ओलि इन्जट भयर मैदान बाहिर।,Positive
Aba yo oli Lai RSP ko jit paxi yo Sab kandako.hisab liyera jel halnu parxa….######,Negative
।। रासपाको सरकार बनेको 30 दिन भित्र जेल चोच्नु पर्छ ।।,Positive
अब यो देशको धर्म संस्कृति रीतिरिवाज इतिहास अनि नेपाली पहिचान भन्दा आफ्नै मात्र स्वार्थी पहिचान खोज्ने हवल्दार हारेको हेर्नू मन छ,Negative
Yedi yo RSP le jite vane yo jit RSP ko navai Janta ko hune xa…//////////,Positive
Amale ta kp kai karan le harne nischit xa... ho@@@,Negative
Jay jay maaha bijay hos bhagawan pasupatinath sampurn Nepali janataharuko shubakamana lagos,Positive
कु कर्मको फल भोग्नै पर्छ।,Negative
"रास्वपा अहिले आफैँमा एउटा जल्दो-बल्दो ब्रान्ड हो। बुझ्नेका लागि यो श्रीखण्ड जस्तै मीठो र मूल्यवान्, नबुझ्नेका लागि भने खुर्पाको बिँड जस्तै कठोर लाग्न सक्छ।",Positive
Khai kasle des ko rakshya garla…yo t kaliyug ho..////////////////,Negative
रास्वपा 2064 सालको माओवादी केन्द्र नबनोस् । अनि 2074 काे नेपाल कम्युनिस्ट पार्टी नबनोस्।यही छ शुभकामना,Positive
Yesta deslai sidhyaune vusyahaharu t marnuparxa….kaal pani naaune iniharulai,Negative
जनता जागरुक छ्न भन्ने पुष्टि भयो यसपालि ,Positive
Des le naya sworap paunu jaruri xa…Des ra janta ko lagi,Positive
देश ले बल्ल भ्रष्टाचारी र अत्याचारीको चंगुल बाट निकास पाउँदैछ जय देश ,Positive
J garxan….!!!!! Jantale yaspali thik gareka xan!!!!!!!,Neutral
Janalahar matra ho ki ….khi garlan vanne aas nai haraisakyo…@@@@@@,Negative
Ghanti ko janalahar dekhda sarai khusi lagxa @@@@@@@@,Positive
Aba Vrastaharu ko dis yehisamma ho jasto xa,Positive
ABA ukhan Sunna naparne vo bako ,Neutral
आफ्नै देशमा भबिस्य देख्न सकु परिवार संग बसेर धेरै उत्साह छु सम्पुर्णमा अनगिन्ती सुभकामना पशुपतिनाथ नाथ,Positive
"नेपालका जनताको जय होस ,, परिवर्तनको पक्षमा खडा भएकोमा",Positive
Des dubne vayo…balen balen vanda..,Negative
यि पुरानालाई सखाप पारेको मा सम्पुर्ण नेपाली जनतालाई हृदय देखि नै नमन गर्दछु,Positive
Mili mili des dubannu pati purano,Negative
धेरै उत्साह छु सम्पुर्णमा अनगिन्ती सुभकामना पशुपतिनाथ नाथ पाथीभरा माता,Neutral
रास्वपा अमेरिकी डलर बादी पार्टी हो,Negative
Desh lutera ra bharsta parajit bhae.,Positive
AbaGhanti le jitepaxi  kp lai jel halnnu parxa @@@@@@@@@@,Negative
हामीले देशका लागि राम्रो काम गर्ने कुलमान जस्ता व्यक्तिहरूप्रति सधैं कृतज्ञ हुनुपर्छ,Positive
म सकलि सहकारी पिडित हु ठर्ग काङ्ग्रेसी नेता बाहिर छ तर सहकारीको कुनै साइनो नहुने रबिलाइ देश ठुलो अपराधी जसरि फसायाे काङ्ग्रेसी र एमाले अदालतलाई दबाबमा राखेर बालेनलाइ कसरी अबराेध गरियाे यी सबैको परिणाम भाेट देखि दिएकाे हाे,Positive
Harke le aafno buddhi bigera barbad paryo…,Negative
"Ab janataa jaagisakyo,,, @@@ j pani hunasakxa Election ma",Positive
अब कि बार बालेन सरकार जय घन्टी,Positive
Puranadal lai bahiskar garnuparxa yespali ko chunab ma ;.,Negative
"Nepal ko"" Changer"" BALEN sir lai salam xa… Jai Des @@@@@@@////////",Positive
Sab USA ko khel rahexa save nepal!,Negative
Aba  RSP ko jit vayepaxi jail thulo banaunu parxa… ,Positive
Purana dal ko saath dinu vaneko ..janata le feri bis piunu saraha ho..,Negative
Jai ghanti balla aba desh le kolte ferla jasto xa.?  ra. Sa pa. Lai agrim badhai chha….;!!!,Positive
Dhamaladhamala y can only be a comedian not a journalist or politician. Jay Desh..,Negative
Ab ki baar Balen sirkaar jay ghati Jay Nepal 🇳🇵🇳🇵🇳🇵🇳🇵,Positive
"Balen is not good for Nepal, specifically if he is in top position.",Negative
यस्तो लहर बेलाबेला मा आउदैन अपवाद मा आउँछ जय घण्टी,Positive
Kp le gareko pap amale le vogdai xa,Negative
रास्वपाको लहर होइन ।लहर वालेनको हो ।,Positive
छेपारोको झोले हरु तस्ली ब्स्जाउदै छ्न,Negative
अब आउने सरकारले जनतालाई सुसासनको प्रत्याभूति दिनुपर्छ।,Positive
Chunab vayepaxi dekhinxa Lusifar ko asli rup;//////////////////////////////,Negative
भ्रष्टाचार मुक्त नेपाल बनाउनु जरुरी छ पर्छ जय नेपाल आमा,Positive
Varastrachar ko jad Sab Purano Dal…,Negative
भ्रष्ट जनताकाेनजरमा गिरेकाहरुलाई टिकट दिनु सभापतिकाे अारजुकाे कुप्रबृतिलाईसाथदिनु महानत्रुटीथियाे,Positive
यो बिस्वोप्रकास नेपाली काङ्ग्रेस सिध्याउने नेता हो एसैको कारण ले काङ्ग्रेस हार्नु परेको हो,Negative
"नेपालकाे उध्याेगहरु केचिखानेहरुकाे ;यहि हाल हुने थियाे भयाे, अहिले अाएर जनताले बुझे\;",Positive
Vrasta dalharu lai hatauna ali garaix…,Negative
चुलो मा हगीसके पछी दैलो देखेछ कांग्रेस ले एउटा निर्दोष लाई दुख्ख दिने,Positive
Tyo KP Oli ra purana dal lai ti mareka student ko aasu lagxa…;!!!,Negative
Good job geenz ko ragat samjhera kam garnuhola,Positive
यो जिउदो लास ले गर्दा आज देशको यस्तो अबस्था भयो थु थु थु,Negative
Lamo bhasan aba chakdaina! Ahile esto bhasan baji lai pani choto banaunu parcha!,Positive
घन्टे बिदेसी दलाल हो बिदेशी ले जितायो ,Negative
आहा यहि दिनको प्रखाइमा हामी कयौं बर्स खाडी देखि कोरिया हुँदै युरोप सम्म बेल्चा हानिम।अहिले यति यति भए नि आसा पालायो।,Positive
Kehi hune wala chaina Jo aayani,Negative
खुब मजा आई राको छ यार यो पलि,Positive
Deuba Oli haru lai jail haalna parxa hajur.,Negative
जे हुन्छ राम्रै को लागि हुन्छ अब पालो र सो पा को हो यदि राम्रो काम गर्न सकेन भने अर्को चुनाव मा नियती यस्तै भोग्नुपर्ने निश्चित छ,Positive
"ओली जी को कन्त बिजोग, कार्यकर्ताहरू अझै हाइ हाइ नै गर्छन! पार्टी को साख सकि सक्यो",Negative
पुराना भ्रष्ट्र दलको पत्तासाफ गर्दै नयाँलाई अवसर दिने हामी जनताको चाहना पूरा गर्न धेरै समय कुर्नु पर्यो जुन जेन्जी आन्दोलनबाट समयले कोल्टे फेर्नाले यो सम्भव हुन गयो ।,Positive
जनतालाई पशु बनाएर खेल्नँ चाहने व्यक्तिले पैसा रपद मात्र हेर्छ।कतिको ज्यान माथि खेलवाड गरेँ।भन्ने लाग्दैन।एस्ता दुष्ट पापि कोके कुरा सुन्नु?,Negative
Samaye ko chakra aakhir ghumdo raixa…palo sabaiko aaudo raixa…kosaile maihu navanda hunxa..;!!@@,Positive
देश विकासको अडान लिने कुशल राजनीतिज्ञ चाहियो। छेपारो होइन। जो समय परिस्थिति अनुसार रङ नफेरोस ।।,Neutral
5 बर्स राम्रो सङ देश र जनता को हित मा काम गर्नु होला हामीले vote दियेर बिजय बनायेका छम सचेत भयेर काम गर्नु होला जय घण्टी,Positive
Kp ba le aba 10 barsa paxi pheri win garnu hunxa,Negative
३५ ४० वर्षदेखि देश लुट्ने देश दोहन गर्ने हत्या हिंसा जनतालाई आतंकित पार्ने यिनीहरूको साम्राज्य ढल्नै पर्ने थियो।,Positive
"घाँटी सेरिएर मर्छु। आची खान्छु। राजनीतिबाट सन्यास लिन्छु भन्दै च्यालेन्ज गर्ने भतुवाहरु अब के गर्लान्, त्यो हेर्नू छ। ",Negative
"राश्वपा को अद्भुत अग्रताको राज विवेक भएको जनता र निश्पक्ष रूपमा समाचार सम्प्रेषण गरेका मिडिया,र विभिन्न निकायमा रहेका सुरक्षा संयन्त्रको योगदान रहेको छ ",Positive
Ahile RSP ka samarthak lai chunab paxi runu ko arko bikalpa hune xaina..!!!!@@@,Negative
घण्टीकाे बहुमत पक्का,Positive
Lalach buri bala vaneko sayed yehi ho…,Negative
काङ्ग्रेस एमाले र माओबादि ले नेपालि जनता लाइ दास सम्झिने लाइ अहिले जनता लात दिएका हुन,Positive
Purana pakhanda haruko lalach le aaja des ko yo condition x;…!!!,Negative
देख्यो नि घमण्ड पाखन्दीहरु जनता को पावर ,Positive
Des lai sidhyaune bideshi aatankari ko welcome hune tayari ma xa;;;;;;;;;;;;;;,Negative
"काङ्ग्रेस ,एमाले र माओबादीहरुलाई चुनाब हारेरकात्रै छुट पाँउदैनन यिनकाे सम्पत्ति छानबिन गरेर राज्यको नाउमा ल्याउनुपर्छ ।",Positive
30-40 barsa rajnati ma vayeka le t khi garenan…; jhan tini naya le k garxa…des sakne matra ho..;;;;;,Negative
"होइन, सबै भन्दा पहिले कानून संशोधन गरेर भ्रस्टाचारी हरुलाई जेल कोच्नु पर्छ ",Positive
Kanun ko madat le naya vanauda ko chanbin garnuparne..////,Negative
जनताको विश्वास कहिल्यै नटुटोस्।अब बन्ने सरकारले जनमतको कदर गर्दै जनअपेक्षा अनुसार काम गरोस्।,Positive
केपि मुर्दर पत्ता साप,Negative
बौद्धिक युवायुवतीको हातमा देश जादैछ ! 5साल हो जनताले हिसाब राखी राख्नेछन! नेताले त धेरै जीते जनताले जीतोन शुभकामना !,Positive
America le Barbara sarkar banayo Barbara sarkarle chunab garayo American agent haru bijay bhae naulo bisaya hoina herau kati sal samma bechxan deslai,Negative
अब का जनता लाटा छैनन अब यी पुराना राजनितिक पाटि र नेताहरूलाई जनताले मजाले झापड हानेका छन हान्नु पर्ने थियाे तेहि अनुरुप नतिजा आइ रहेकाे छ।हामी सबै नेपाली जनताहरु यसरी नै सचेत हुन पर्छ।,Positive
ईन्रा राना काे बिजय पक्का एमालेकाे सभामुख ले गुखाने पक्का,Negative
Jay ghanti I love my Nepal ,Positive
Yemale ka sathiharu yo matadan kendra ma vote halna aayeka pani AI marfat aayeko ho na bhannu hai,Negative
BALEN ko suporter dekhda Maile jiteko jasto feel vairako cha mannai dekhi you are great person ever,Positive
मेरो पार्टी लाई जनताले भोट नदिएकोले हार सुकाएर गर्दै भोट अपडेट सामाचार आज देखि नहेर्ने घोषणा गर्दछु/,Negative
भरस्टचारिलाई दिय जन्ताकाे झापट,Positive
रुखमा खडेरी सूर्यमा ग्रहण लग्यो,Negative
VRASTRACHAR KO MASU BHAAT HARYO,Positive
"धनकुटा का जन्ताहरु आज्झाई पनि गोरुहरुनै रहेछन ,#",Negative
Aaj Khushi le aasu Nai aayo mero Jaye ghanti,Positive
Purana Dal ka kiraharu rahunjel janta le ; sukha ko saas ferna paudaina...,Negative
Harka sangpang pani ramro netrityo hun;..desko lagi marimetne bektiwo;…!!!,Positive
Balen vaneko bidesi chalkhel bta aayeko manxe ho…bujhnu; navaye yo pahila kaha thiyo????,Negative
Jantale yaspali thik garnexan… Janata aba sachat vaisakeka xan.;,Positive
"janta lai dukha dinu, marnu, soshan garnu t iniharu ko pesha jattikai vako x…;",Negative
Nepal Banauna Bharasta Haru Sakkauna Rabi Balen Ra Swo Pa Nai Chahinxa Jay Ghanti,Positive
"Purana dal ko manasikata nai aaparadhik vaisakyo,, ani k hunthyo t des ma susasan…????@@@",Negative
Ghanti ko pravab hoina...Balen ko star power ani craze le garda ho.,Positive
Bau-Aama ko kakh khosne yo aparadhi KP lai kosle jitauxa ra ..;?,Negative
"रास्वपाको लहर: नयाँको रहर भन्दा पनि पुरानाको 'अहंकार' को नतिजा!"" ",Positive
कुलमान घिसिङ्ग गए जस्तो छ। लोड सेडिंग शुरु हुने भयो अब त।,Negative
"यो त कांग्रेस, एमाले र माओवादीको ३० वर्षे कुशासन, भ्रष्टाचार र घमण्ड विरुद्ध जनताले ओकलेको 'आक्रोश' हो।",Positive
"हाहाहा उम्मेदवार नै नचिनि “चुपचाप, खै के छाप” भनेर मत हाल्ने भनेकै भेडा हैन ",Negative
"यदि पुराना पार्टीहरूले समयमै आफ्नो व्यवहार र नियत सुधारेको भए, आज यो 'लहर' आउने नै थिएन। ",Positive
उम्लिएकाे भाेगटे र उखानेलाई बल्ल जनताले गतिलाे झापड दिए क्या आनन्द आएकाे मलाई त जय घण्टी,Positive
अब आउने सरकारले जनतालाई सुसासनको प्रत्याभूति दिनुपर्छ।,Positive
पुरानो पार्टी सच्चिनु कता हो कता सक्किनु मन पराए।,Positive
"Communist ले कांग्रेसलाई भन्यो "" हम तो डुबे सनम तुम को भी लेकर दुबेगे "" ",Positive
उद्योग धन्दा बन्द गरायौ कौडीको भाउमा बेचेर खायौं ।,Negative
३४ बर्षा देखि देश लुट्ने जनता ठग्ने लुटेरा हरु लाई हानेको झापड हो यो बहुमत,Positive
रावण भन्दा बढी अहंकार थियो,Positive
भ्रष्टाचार कुशासन बेरोजगार अशिक्षा षडयन्त्र को नतिजा हो।,Positive
अब नेपालमा कम्युनिस्ट को चै अन्त्य नै हो कम्युनिस्टलाई सबैले चिनिसके।,Positive
कुलमान घिसिङ्ग जाला जस्तो छ। लोड सेडिंग शुरु हुने भयो अब त।,Negative
kulman pani thik bekti hun ra harkha pani aam nepali janta ko chahana thiyo ki naya naya ek vhayera janu parx vhanda pani harkha kulman ko soch ke vo bujhna sakiyena,Positive
हेर्दै जाउ यो बिदेशि एजेन्ड घन्टेको के हाल हुनेछ भगेर तिनिहरुको पुर्खेउलि घर इन्डिया लखेट्ने छौ,Negative
"सत्य र असत्यकाे लडाइँ हाे याे,सत्यकाे बिजय,",Positive
"Harke Le ek seat Pani audaina, yo afnai ahankar Le sakiyo.",Negative
"हर्क साङपाङ र कुलमानकेा नेपाल र नेपालीका लागि आबस्कता हुंदा हुंदै सम्भब रहेन , हर्ककेा आबस्यकता भन्दा बढि अहमताका कारण नेपाली शत्ताबाट आफै बन्चित हुनु पर्यैा जस्तेा लाग्छ , दु: ख लाग्यैा ।",Positive
Harka & kulman aafnai ahamta le grda paxadi parxan jasto lagxa..;!!,Negative
अब आउने सरकारले सबै ब्यतिथीहरुलाई बढार्नुपर्छ ! नत्र जीते ता पनि केही उपलब्धि देखिन्दैन ।,Positive
बल्ल झापालिको बुद्धि पलाये जस्तो छ,Positive
जय घन्टि जय नेपाल यो नै जनताको चाहाना थियो पुरा भयो आज बल्ल गर्भ लाएको छ हाम्रो मतले न्याय पायो जनताले पुरा साथ दिएका छ्न अब तपाईहरुले दायित्व पुरा गर्नु होला,Positive
Oli ra Mahesh basnet laai chunaa laageko dekhdaa audhi khushi laageko chha,Positive
एमाले काे धमन्ड र काग्रेसकाे भष्टचार समाप्त हुने झ जेलकाे बासहुने पक्का,Positive
विद्वान को कुरै बेग्लै हुन्छ राम्रो मान्छे सत्ता मा पुग्नु सक्दैनन् के गर्नु,Positive
Great leader with futuristic vision and with ample of knowledge and experience,Positive
जसले नेपाललाई यस्तो अवस्था ल्याई-पुर्याएको छ । त्यसता व्यक्तिलाई कठघरामा बोलाऊनुको अर्थ देशलाई अझै तल तिर धकेल्नु हो ।,Positive
स्वर्ग नि यहि हो र नर्क पनि यहि हो अब नेपाली जनता के मा जिउन चाहान्छन अब यहि फागुन 21 ले जनाउछ सचेत रहनुस र राम्रो पार्टीलाई जिताउनुस जय नेपाल,Positive
